REGISTRO,MUESTRA,purpose,C_total_perc
SU10579,CT-1A-PAST_P1,RESTICFOR_core,3.39
SU10580,CT-1A-PAST_P2,RESTICFOR_core,1.46
SU10581,CT-1A-PAST_P3,RESTICFOR_core,3.53
SU10582,CT-1A-PAST_P4,RESTICFOR_core,3.46
SU10583,CT-1A-PAST_P5,RESTICFOR_core,3.98
SU10584,CT-1B-PAST_P1,RESTICFOR_core,3.46
SU10585,CT-1B-PAST_P2,RESTICFOR_core,1.79
SU10586,CT-1B-PAST_P3,RESTICFOR_core,3.82
SU10587,CT-1B-PAST_P4,RESTICFOR_core,2.04
SU10588,CT-1B-PAST_P5,RESTICFOR_core,4.68
SU10589,CT-2-PAST_P1,RESTICFOR_core,1.67
SU10590,CT-2-PAST_P2,RESTICFOR_core,2.1
SU10591,CT-2-PASTp3,RESTICFOR_core,1.64
SU10592,CT-2-PAST_P4,RESTICFOR_core,1.45
SU10593,CT-2-PAST_p5,RESTICFOR_core,1.98
SU10594,CT-3-PAST_P1,RESTICFOR_core,1.97
SU10595,CT-3-PAST_P2,RESTICFOR_core,1.82
SU10596,CT-3-PASt_p3,RESTICFOR_core,2.76
SU10597,CT-3-PAST_p4,RESTICFOR_core,2.57
SU10598,CT-3-PAST_p5,RESTICFOR_core,2.66
SU10599,CT-5A-LONG_P1,RESTICFOR_core,2.47
SU10600,CT-5A-LONG_p2,RESTICFOR_core,2.52
SU10601,CT-5A-LONG_p3,RESTICFOR_core,2.1
SU10602,CT-5A-LONG_p4,RESTICFOR_core,3.02
SU10603,CT-5A-LONG_p5,RESTICFOR_core,5.79
SU10604,CT-5B-LONG_p1,RESTICFOR_core,3.1
SU10605,CT-5B-LONG_p2,RESTICFOR_core,2.77
SU10606,CT-5B-LONG_P3,RESTICFOR_core,3.29
SU10607,CT-5B-LONG_p4,RESTICFOR_core,3.69
SU10608,CT-5B-LONG_p5,RESTICFOR_core,4
SU10609,CT-6-LONG_p1,RESTICFOR_core,2.56
SU10610,CT-6-LONG_p2,RESTICFOR_core,3.06
SU10611,CT-6-LONG_p3,RESTICFOR_core,1.67
SU10612,CT-6-LONG_p4,RESTICFOR_core,5.87
SU10613,CT-6-LONG_p5,RESTICFOR_core,4.84
SU10614,CT-6-PAST_p1,RESTICFOR_core,2.95
SU10615,CT-6-PAST_p2,RESTICFOR_core,4.68
SU10616,CT-6-PAST_p3,RESTICFOR_core,1.99
SU10617,CT-6-PAST_p4,RESTICFOR_core,3.17
SU10618,CT-6-PAST_p5,RESTICFOR_core,2.49
SU10619,CT-9-LONG_p1,RESTICFOR_core,7.76
SU10620,CT-9-LONG_p2,RESTICFOR_core,4.74
SU10621,CT-9-LONG_p3,RESTICFOR_core,6.17
SU10622,CT-9-LONG_p4,RESTICFOR_core,6.33
SU10623,CT-9-LONG_p5,RESTICFOR_core,9.01
SU10624,CT-17-LONG_p1,RESTICFOR_core,6.22
SU10625,CT-17-LONG_p2,RESTICFOR_core,5.14
SU10626,CT-17-LONG_P3,RESTICFOR_core,3.65
SU10627,CT-17-LONG_P4,RESTICFOR_core,5.95
SU10628,CT-17-LONG_P5,RESTICFOR_core,3.04
SU10629,SET-6A-PAST_p1,RESTICFOR_core,12
SU10630,SET-6A-PAST_p2,RESTICFOR_core,5.65
SU10631,SET-6A-PAST_P3,RESTICFOR_core,10.8
SU10632,SET-6A-PAST_p4,RESTICFOR_core,6.01
SU10633,SET-6A-PAST_P5,RESTICFOR_core,4.89
SU10634,SET-6B-PAST_P1,RESTICFOR_core,7.95
SU10635,SET-6B-PAST_P2,RESTICFOR_core,5.18
SU10636,SET-6B-PAST_P3,RESTICFOR_core,4.65
SU10637,SET-6B-PAST_P4,RESTICFOR_core,8.4
SU10638,SET-6B-PAST_P5,RESTICFOR_core,8.55
SU10639,SET-6C-PAST_P1,RESTICFOR_core,6.08
SU10640,SET-6C-PAST_P2,RESTICFOR_core,11.6
SU10641,SET-6C-PAST_P3,RESTICFOR_core,3.93
SU10642,SET-6C-PAST_P4,RESTICFOR_core,6.87
SU10643,SET-6C-PAST_P5,RESTICFOR_core,10.1
SU10644,SET-9-LONG_P1,RESTICFOR_core,4.44
SU10645,SET-9-LONG_P2,RESTICFOR_core,21.2
SU10646,SET-9-LONG_P3,RESTICFOR_core,13.6
SU10647,SET-9-LONG_P4,RESTICFOR_core,5.24
SU10648,SET-9-LONG_P5,RESTICFOR_core,3.93
SU10649,SET-13-PAST_P1,RESTICFOR_core,14.2
SU10650,SET-13-PAST_P2,RESTICFOR_core,10.4
SU10651,SET-13-PAST_P3,RESTICFOR_core,8.77
SU10652,SET-13-PAST_P4,RESTICFOR_core,12.5
SU10653,SET-13-PAST_P5,RESTICFOR_core,16.3
SU10654,SET-14-PAST_P1,RESTICFOR_core,14.8
SU10655,SET-14-PAST_P2,RESTICFOR_core,6.7
SU10656,SET-14-PAST_P3,RESTICFOR_core,7.75
SU10657,SET-14-PAST_P4,RESTICFOR_core,10.9
SU10658,SET-14-PAST_P5,RESTICFOR_core,15.7
SU10659,SET-15-LONG_P1,RESTICFOR_core,5.81
SU10660,SET-15-LONG_P2,RESTICFOR_core,7.87
SU10661,SET-15-LONG_P3,RESTICFOR_core,9.46
SU10662,SET-15-LONG_P4,RESTICFOR_core,9.25
SU10663,SET-15-LONG_P5,RESTICFOR_core,7.84
SU10664,SET-16B-LONG_P1,RESTICFOR_core,7.33
SU10665,SET-16B-LONG_P2,RESTICFOR_core,5.35
SU10666,SET-16B-LONG_P3,RESTICFOR_core,7.84
SU10667,SET-16B-LONG_P4,RESTICFOR_core,6.07
SU10668,SET-16B-LONG_P5,RESTICFOR_core,11.9
SU10669,SET-16-LONG_P1,RESTICFOR_core,8.36
SU10670,SET-16-LONG_P2,RESTICFOR_core,10.9
SU10671,SET-16-LONG_P3,RESTICFOR_core,5.67
SU10672,SET-16-LONG_P4,RESTICFOR_core,7.8
SU10673,SET-16-LONG_P5,RESTICFOR_core,6.24
SU10674,SET-18-LONG_P1,RESTICFOR_core,10.7
SU10675,SET-18-LONG_P2,RESTICFOR_core,12.8
SU10676,SET-18-LONG_P3,RESTICFOR_core,21.2
SU10677,SET-18-LONG_P4,RESTICFOR_core,8.64
SU10678,SET-18-LONG_P5,RESTICFOR_core,14.7
SU10679,SF-1-PAST_P1,RESTICFOR_core,6.08
SU10680,SF-1-PAST_P2,RESTICFOR_core,7.33
SU10681,SF-1-PAST_P3,RESTICFOR_core,7.08
SU10682,SF-1-PAST_P4,RESTICFOR_core,8.88
SU10683,SF-1-PAST_P5,RESTICFOR_core,6.09
SU10684,SF-4A-LONG_P1,RESTICFOR_core,4.99
SU10685,SF-4A-LONG_P2,RESTICFOR_core,6.73
SU10686,SF-4A-LONG_P3,RESTICFOR_core,5.43
SU10687,SF-4A-LONG_P4,RESTICFOR_core,4.39
SU10688,SF-4A-LONG_P5,RESTICFOR_core,3.59
SU10689,SF-4B-LONG_P1,RESTICFOR_core,2.89
SU10690,SF-4B-LONG_P2,RESTICFOR_core,3.1
SU10691,SF-4B-LONG_P3,RESTICFOR_core,3.16
SU10692,SF-4B-LONG_P4,RESTICFOR_core,3.22
SU10693,SF-4B-LONG_P5,RESTICFOR_core,3.77
SU10694,SF-5-LONG_P1,RESTICFOR_core,3.51
SU10695,SF-5-LONG_P2,RESTICFOR_core,4.55
SU10696,SF-5-LONG_P3,RESTICFOR_core,4.17
SU10697,SF-5-LONG_P4,RESTICFOR_core,3.49
SU10698,SF-5-LONG_P5,RESTICFOR_core,5.25
SU10699,SF-5-PAST_P1,RESTICFOR_core,3.56
SU10700,SF-5-PAST_P2,RESTICFOR_core,4.1
SU10701,SF-5-PAST_P3,RESTICFOR_core,2.93
SU10702,SF-5-PAST_P4,RESTICFOR_core,3.2
SU10703,SF-5-PAST_P5,RESTICFOR_core,2.8
SU10704,SF-6-PAST_P1,RESTICFOR_core,4.96
SU10705,SF-6-PAST_P2,RESTICFOR_core,5.5
SU10706,SF-6-PAST_P3,RESTICFOR_core,3.7
SU10707,SF-6-PAST_P4,RESTICFOR_core,4.62
SU10708,SF-6-PAST_P5,RESTICFOR_core,4.63
SU10709,SF-7-LONG_P1,RESTICFOR_core,6.44
SU10710,SF-7-LONG_P2,RESTICFOR_core,3.8
SU10711,SF-7-LONG_P3,RESTICFOR_core,4.4
SU10712,SF-7-LONG_P4,RESTICFOR_core,4.02
SU10713,SF-7-LONG_P5,RESTICFOR_core,3.4
SU10714,SF-7-PAST_P1,RESTICFOR_core,2.88
SU10715,SF-7-PAST_P2,RESTICFOR_core,3.15
SU10716,SF-7-PAST_P3,RESTICFOR_core,3.63
SU10717,SF-7-PAST_P4,RESTICFOR_core,3.06
SU10718,SF-7-PAST_P5,RESTICFOR_core,2.88
SU10719,SF-8-LONG_P1,RESTICFOR_core,2.49
SU10720,SF-8-LONG_P2,RESTICFOR_core,2.34
SU10721,SF-8-LONG_P3,RESTICFOR_core,2.44
SU10722,SF-8-LONG_P4,RESTICFOR_core,2.56
SU10723,SF-8-LONG_P5,RESTICFOR_core,4.15
SU10724,SF-9-PAST_P1,RESTICFOR_core,2.56
SU10725,SF-9-PAST_P2,RESTICFOR_core,4.7
SU10726,SF-9-PAST_P3,RESTICFOR_core,5.21
SU10727,SF-9-PAST_P4,RESTICFOR_core,5.89
SU10728,SF-9-PAST_P5,RESTICFOR_core,2.77
SU10729,SF1_LONG_Seasonality,seasonality,7.7
SU10730,SF1_PAST_Seasonality,seasonality,4.41
SU10731,SF2_LONG_Seasonality,seasonality,5.15
SU10732,SF2_PAST_Seasonality,seasonality,2.72
SU10733,SF3_LONG_Seasonality,seasonality,4.74
SU10734,SF3_PAST_Seasonality,seasonality,5.67
SU10735,SF4_LONG_Seasonality,seasonality,5.08
SU10736,SF4_PAST_Seasonality,seasonality,4.35
SU10737,SF5_LONG_Seasonality,seasonality,3.29
SU10738,SF5_PAST_Seasonality,seasonality,6.96
SU10739,SF7_PAST_P1_10 cm,method_comparison,4.35
SU10740,SF7_PAST_P1_20 cm,method_comparison,2.88
SU10741,SF4B_LONG_P3_10 cm,method_comparison,5.45
SU10742,SF4B_LONG_P3_20 cm,method_comparison,2.55
SU10743,CT2_PAST_P1_10 cm,method_comparison,2.94
SU10744,CT2_PAST_P1_20 cm,method_comparison,1.12
SU10745,CT9_LONG_P3_10 cm,method_comparison,9.59
SU10746,CT9_LONG_P3_20 cm,method_comparison,3
SU10747,SET18_LONG_P3_10 cm,method_comparison,16.4
SU10748,SET18_LONG_P3_20 cm,method_comparison,10.1
SU10749,SET6A_PAST_P3_10 cm,method_comparison,10.2
SU10750,SET6A_PAST_P3_20 cm,method_comparison,6.05
SU10751,SF1_PAST_P1_20 cm,method_comparison,3.56
SU10752,SF7_LONG_P3_20 cm,method_comparison,2.59
SU10753,SF6_PAST_P3_10 cm,method_comparison,7.77
SU10754,SF4A_LONG_P3_10 cm,method_comparison,5.97
SU10755,CT3_PAST_P1_10 cm,method_comparison,2.34
SU10756,CT1A_PAST_P3_20 cm,method_comparison,1.65
SU10757,CT5B_LONG_P2_10 cm,method_comparison,5.48
SU10758,CT5A_LONG_P2_20 cm,method_comparison,3.27
SU10759,SET6C_PAST_P2_20 cm,method_comparison,9.83
SU10760,SET16_LONG_P1_10 cm,method_comparison,3.76
SU10761,SET15_LONG_P3_20 cm,method_comparison,9.32
SU10762,SET6B_PAST_P1_10 cm,method_comparison,10.5
