Muestra,plot,site,code,type,sampling_point,weight_mg,N_perc,d15N_permil_air,obs,,,,,,,,,SET_18_LONG_first_reading,SET_18_LONG_first_reading,SET_18_LONG_first_reading,SET_18_LONG_first_reading,SET_18_LONG_second_reading,SET_18_LONG_second_reading,SET_18_LONG_second_reading,SET_18_LONG_second_reading,SET_18_LONG_average,SET_18_LONG_average,SET_18_LONG_average,SET_18_LONG_average
CT-17-LONG_P1,CT_17_LONG,CT,17,LONG,P1,24.38,0.34,0.6,NA,,,Site,type,Average of N_perc,StdDev of N_perc,Average of d15N_permil_air,StdDev of d15N_permil_air,Average of N_perc,StdDev of N_perc,Average of d15N_permil_air,StdDev of d15N_permil_air,Average of N_perc,StdDev of N_perc,Average of d15N_permil_air,StdDev of d15N_permil_air,Average of N_perc,StdDev of N_perc,Average of d15N_permil_air,StdDev of d15N_permil_air
CT-17-LONG_P2,CT_17_LONG,CT,17,LONG,P2,25.38,0.32,0.9,NA,,,CT,,0.23,0.08,1.98,1.22,,,,,,,,,,,,
CT-17-LONG_P3,CT_17_LONG,CT,17,LONG,P3,25.68,0.28,-0.4,NA,,,CT,LONG,0.25,0.10,1.14,0.90,,,,,,,,,,,,
CT-17-LONG_P4,CT_17_LONG,CT,17,LONG,P4,25.69,0.38,-0.4,NA,,,CT,PAST,0.22,0.05,2.82,0.86,,,,,,,,,,,,
CT-17-LONG_P5,CT_17_LONG,CT,17,LONG,P5,24.89,0.23,2.6,NA,,,SET,,0.40,0.11,0.41,1.52,,,,,,,,,,,,
CT-1A-PAST_P1,CT_1A_PAST,CT,1A,PAST,P1,25.5,0.26,1.6,NA,,,SET,LONG,0.36,0.11,-0.10,1.71,0.38,0.07,-1.55,1.18,0.52,0.14,-2.37,1.14,0.46,0.09,-2.15423246,1.199234921
CT-1A-PAST_P2,CT_1A_PAST,CT,1A,PAST,P2,23.02,0.17,3.4,NA,,,SET,PAST,0.44,0.11,1.01,0.99,,,,,,,,,,,,
CT-1A-PAST_P3,CT_1A_PAST,CT,1A,PAST,P3,25.55,0.27,2.4,NA,,,SF,,0.24,0.10,2.46,0.84,,,,,,,,,,,,
CT-1A-PAST_P4,CT_1A_PAST,CT,1A,PAST,P4,25.02,0.27,1.2,NA,,,SF,LONG,0.19,0.07,2.64,0.92,,,,,,,,,,,,
CT-1A-PAST_P5,CT_1A_PAST,CT,1A,PAST,P5,23.81,0.24,3.2,NA,,,SF,PAST,0.29,0.10,2.29,0.74,,,,,,,,,,,,
CT-1B-PAST_P1,CT_1B_PAST,CT,1B,PAST,P1,24.9,0.24,1.4,NA,,,TOTAL,Grand Total,0.29,0.12,1.59,1.51,,,,,,,,,,,,
CT-1B-PAST_P2,CT_1B_PAST,CT,1B,PAST,P2,25.11,0.14,3,NA,,,,,,,,,,,,,,,,,,,,
CT-1B-PAST_P3,CT_1B_PAST,CT,1B,PAST,P3,24.18,0.27,1.8,NA,,,,,,,,,,,,,,,,,,,,
CT-1B-PAST_P4,CT_1B_PAST,CT,1B,PAST,P4,24.6,0.2,2.6,NA,,,,,,,,,,,,,,,,,,,,
CT-1B-PAST_P5,CT_1B_PAST,CT,1B,PAST,P5,24.36,0.31,1.8,NA,,,,,,,,,,,,,,,,,,,,
CT-2-PAST_P1,CT_2_PAST,CT,2,PAST,P1,23.28,0.15,2.6,NA,,,,,,,,,,,,,,,,,,,,
CT-2-PAST_P2,CT_2_PAST,CT,2,PAST,P2,25.53,0.17,3.2,NA,,,,,,,,,,,,,,,,,,,,
CT-2-PAST_P3,CT_2_PAST,CT,2,PAST,P3,25.06,0.19,3.6,NA,,,,,,,,,,,,,,,,,,,,
CT-2-PAST_P4,CT_2_PAST,CT,2,PAST,P4,25,0.14,3.6,NA,,,,,,,,,,,,,,,,,,,,
CT-2-PAST_P5,CT_2_PAST,CT,2,PAST,P5,23.72,0.16,3.4,NA,,,,,,,,,,,,,,,,,,,,
CT-3-PAST_P1,CT_3_PAST,CT,3,PAST,P1,24.34,0.19,3.7,NA,,,,,,,,,,,,,,,,,,,,
CT-3-PAST_P2,CT_3_PAST,CT,3,PAST,P2,24.93,0.17,2.9,NA,,,,,,,,,,,,,,,,,,,,
CT-3-PAST_P3,CT_3_PAST,CT,3,PAST,P3,24.81,0.22,2.4,NA,,,,,,,,,,,,,,,,,,,,
CT-3-PAST_P4,CT_3_PAST,CT,3,PAST,P4,25.39,0.25,2.7,soil particles in well,,,,,,,,,,,,,,,,,,,,
CT-3-PAST_P5,CT_3_PAST,CT,3,PAST,P5,24.25,0.27,2.5,NA,,,,,,,,,,,,,,,,,,,,
CT-5A-LONG_P1,CT_5A_LONG,CT,5A,LONG,P1,24.53,0.14,1,NA,,,,,,,,,,,,,,,,,,,,
CT-5A-LONG_P2,CT_5A_LONG,CT,5A,LONG,P2,24.58,0.16,1,NA,,,,,,,,,,,,,,,,,,,,
CT-5A-LONG_P3,CT_5A_LONG,CT,5A,LONG,P3,25.86,0.16,2.3,NA,,,,,,,,,,,,,,,,,,,,
CT-5A-LONG_P4,CT_5A_LONG,CT,5A,LONG,P4,25.42,0.17,1.7,NA,,,,,,,,,,,,,,,,,,,,
CT-5A-LONG_P5,CT_5A_LONG,CT,5A,LONG,P5,25.06,0.3,-0.1,NA,,,,,,,,,,,,,,,,,,,,
CT-5B-LONG_P1,CT_5B_LONG,CT,5B,LONG,P1,25.41,0.18,1.6,NA,,,,,,,,,,,,,,,,,,,,
CT-5B-LONG_P2,CT_5B_LONG,CT,5B,LONG,P2,25.16,0.14,2,NA,,,,,,,,,,,,,,,,,,,,
CT-5B-LONG_P3,CT_5B_LONG,CT,5B,LONG,P3,25.54,0.18,1.8,NA,,,,,,,,,,,,,,,,,,,,
CT-5B-LONG_P4,CT_5B_LONG,CT,5B,LONG,P4,24.39,0.22,0.8,NA,,,,,,,,,,,,,,,,,,,,
CT-5B-LONG_P5,CT_5B_LONG,CT,5B,LONG,P5,24.19,0.23,0.7,NA,,,,,,,,,,,,,,,,,,,,
CT-6-LONG_P1,CT_6_LONG,CT,6,LONG,P1,25.7,0.15,2.3,NA,,,,,,,,,,,,,,,,,,,,
CT-6-LONG_P2,CT_6_LONG,CT,6,LONG,P2,26.16,0.16,1.2,NA,,,,,,,,,,,,,,,,,,,,
CT-6-LONG_P3,CT_6_LONG,CT,6,LONG,P3,25.02,0.11,2.2,NA,,,,,,,,,,,,,,,,,,,,
CT-6-LONG_P4,CT_6_LONG,CT,6,LONG,P4,25.68,0.27,0.9,NA,,,,,,,,,,,,,,,,,,,,
CT-6-LONG_P5,CT_6_LONG,CT,6,LONG,P5,23.84,0.24,1.1,NA,,,,,,,,,,,,,,,,,,,,
CT-6-PAST_P1,CT_6_PAST,CT,6,PAST,P1,26.15,0.26,4.2,NA,,,,,,,,,,,,,,,,,,,,
CT-6-PAST_P2,CT_6_PAST,CT,6,PAST,P2,26.25,0.31,3.1,NA,,,,,,,,,,,,,,,,,,,,
CT-6-PAST_P3,CT_6_PAST,CT,6,PAST,P3,25.29,0.18,4.8,NA,,,,,,,,,,,,,,,,,,,,
CT-6-PAST_P4,CT_6_PAST,CT,6,PAST,P4,25.98,0.24,3,NA,,,,,,,,,,,,,,,,,,,,
CT-6-PAST_P5,CT_6_PAST,CT,6,PAST,P5,24.91,0.23,2.4,NA,,,,,,,,,,,,,,,,,,,,
CT-9-LONG_P1,CT_9_LONG,CT,9,LONG,P1,25.65,0.29,0.3,NA,,,,,,,,,,,,,,,,,,,,
CT-9-LONG_P2,CT_9_LONG,CT,9,LONG,P2,25.69,0.23,2.1,NA,,,,,,,,,,,,,,,,,,,,
CT-9-LONG_P3,CT_9_LONG,CT,9,LONG,P3,25.83,0.45,0.4,NA,,,,,,,,,,,,,,,,,,,,
CT-9-LONG_P4,CT_9_LONG,CT,9,LONG,P4,23.65,0.36,2.1,NA,,,,,,,,,,,,,,,,,,,,
CT-9-LONG_P5,CT_9_LONG,CT,9,LONG,P5,26.05,0.44,-0.2,NA,,,,,,,,,,,,,,,,,,,,
SET-13-PAST_P1,SET_13_PAST,SET,13,PAST,P1,25.02,0.43,0.3,NA,,,,,,,,,,,,,,,,,,,,
SET-13-PAST_P2,SET_13_PAST,SET,13,PAST,P2,26.25,0.45,0.9,NA,,,,,,,,,,,,,,,,,,,,
SET-13-PAST_P3,SET_13_PAST,SET,13,PAST,P3,25.3,0.34,1.1,NA,,,,,,,,,,,,,,,,,,,,
SET-13-PAST_P4,SET_13_PAST,SET,13,PAST,P4,24.12,0.5,0.5,NA,,,,,,,,,,,,,,,,,,,,
SET-13-PAST_P5,SET_13_PAST,SET,13,PAST,P5,24.94,0.64,-1.2,NA,,,,,,,,,,,,,,,,,,,,
SET-14-PAST_P1,SET_14_PAST,SET,14,PAST,P1,25.03,0.59,0,NA,,,,,,,,,,,,,,,,,,,,
SET-14-PAST_P2,SET_14_PAST,SET,14,PAST,P2,24.3,0.4,1.1,NA,,,,,,,,,,,,,,,,,,,,
SET-14-PAST_P3,SET_14_PAST,SET,14,PAST,P3,25.88,0.51,0.4,NA,,,,,,,,,,,,,,,,,,,,
SET-14-PAST_P4,SET_14_PAST,SET,14,PAST,P4,25.39,0.58,-0.1,NA,,,,,,,,,,,,,,,,,,,,
SET-14-PAST_P5,SET_14_PAST,SET,14,PAST,P5,25.53,0.56,0.1,NA,,,,,,,,,,,,,,,,,,,,
SET-15-LONG_P1,SET_15_LONG,SET,15,LONG,P1,25.31,0.3,1.9,NA,,,,,,,,,,,,,,,,,,,,
SET-15-LONG_P2,SET_15_LONG,SET,15,LONG,P2,24.29,0.32,1.4,NA,,,,,,,,,,,,,,,,,,,,
SET-15-LONG_P3,SET_15_LONG,SET,15,LONG,P3,26.07,0.26,-0.1,NA,,,,,,,,,,,,,,,,,,,,
SET-15-LONG_P4,SET_15_LONG,SET,15,LONG,P4,24.08,0.32,0.5,NA,,,,,,,,,,,,,,,,,,,,
SET-15-LONG_P5,SET_15_LONG,SET,15,LONG,P5,24.53,0.35,1.4,NA,,,,,,,,,,,,,,,,,,,,
SET-16B-LONG_P1,SET_16B_LONG,SET,16B,LONG,P1,23.63,0.36,0.6,NA,,,,,,,,,,,,,,,,,,,,
SET-16B-LONG_P2,SET_16B_LONG,SET,16B,LONG,P2,24.54,0.24,1.6,NA,,,,,,,,,,,,,,,,,,,,
SET-16B-LONG_P3,SET_16B_LONG,SET,16B,LONG,P3,25.75,0.38,-1.6,NA,,,,,,,,,,,,,,,,,,,,
SET-16B-LONG_P4,SET_16B_LONG,SET,16B,LONG,P4,24.11,0.31,-0.1,NA,,,,,,,,,,,,,,,,,,,,
SET-16B-LONG_P5,SET_16B_LONG,SET,16B,LONG,P5,24.45,0.27,0.1,NA,,,,,,,,,,,,,,,,,,,,
SET-16-LONG_P1,SET_16_LONG,SET,16,LONG,P1,23.35,0.39,0.4,NA,,,,,,,,,,,,,,,,,,,,
SET-16-LONG_P2,SET_16_LONG,SET,16,LONG,P2,24.39,0.42,0.3,NA,,,,,,,,,,,,,,,,,,,,
SET-16-LONG_P3,SET_16_LONG,SET,16,LONG,P3,25.3,0.27,2.8,NA,,,,,,,,,,,,,,,,,,,,
SET-16-LONG_P4,SET_16_LONG,SET,16,LONG,P4,24.01,0.26,-0.4,NA,,,,,,,,,,,,,,,,,,,,
SET-16-LONG_P5,SET_16_LONG,SET,16,LONG,P5,24.04,0.16,1.9,soil particles in well,,,,,,,,,,,,,,,,,,,,
SET-18-LONG_P1,SET_18_LONG,SET,18,LONG,P1,25.69,0.26,-0.2,soil particles in well,0.33931165,-0.8062145,,,,,,,,,,,,,,,,,,
SET-18-LONG_P1,SET_18_LONG,SET,18,LONG,P1,25.24,0.4186233,-1.412429,repeated measurement,,,,,,,,,,,,,,,,,,,,
SET-18-LONG_P2,SET_18_LONG,SET,18,LONG,P2,23.52,0.5117349,-3.5144885,repeated measurement,0.5117349,-3.5144885,,,,,,,,,,,,,,,,,,
SET-18-LONG_P2,SET_18_LONG,SET,18,LONG,P2,24.21,,,sample lost during analysis,,,,,,,,,,,,,,,,,,,,
SET-18-LONG_P3,SET_18_LONG,SET,18,LONG,P3,25.71,0.7159942,-3.9829767,repeated measurement,0.5779971,-3.64148835,,,,,,,,,,,,,,,,,,
SET-18-LONG_P3,SET_18_LONG,SET,18,LONG,P3,24.29,0.44,-3.3,NA,,,,,,,,,,,,,,,,,,,,
SET-18-LONG_P4,SET_18_LONG,SET,18,LONG,P4,26.24,0.3294862,-1.5208564,repeated measurement,0.3597431,-1.7104282,,,,,,,,,,,,,,,,,,
SET-18-LONG_P4,SET_18_LONG,SET,18,LONG,P4,26.42,0.39,-1.9,soil particles in well,,,,,,,,,,,,,,,,,,,,
SET-18-LONG_P5,SET_18_LONG,SET,18,LONG,P5,24.51,0.6011786,-1.3970855,repeated measurement,0.5205893,-1.09854275,,,,,,,,,,,,,,,,,,
SET-18-LONG_P5,SET_18_LONG,SET,18,LONG,P5,25.46,0.44,-0.8,NA,,,,,,,,,,,,,,,,,,,,
SET-6A-PAST_P1,SET_6A_PAST,SET,6A,PAST,P1,25.49,0.53,0.9,NA,,,,,,,,,,,,,,,,,,,,
SET-6A-PAST_P2,SET_6A_PAST,SET,6A,PAST,P2,24.05,0.35,0.6,NA,,,,,,,,,,,,,,,,,,,,
SET-6A-PAST_P3,SET_6A_PAST,SET,6A,PAST,P3,25.36,0.39,1.2,NA,,,,,,,,,,,,,,,,,,,,
SET-6A-PAST_P4,SET_6A_PAST,SET,6A,PAST,P4,24.26,0.35,2,NA,,,,,,,,,,,,,,,,,,,,
SET-6A-PAST_P5,SET_6A_PAST,SET,6A,PAST,P5,25.29,0.47,2.8,NA,,,,,,,,,,,,,,,,,,,,
SET-6B-PAST_P1,SET_6B_PAST,SET,6B,PAST,P1,24.84,0.41,0.8,NA,,,,,,,,,,,,,,,,,,,,
SET-6B-PAST_P2,SET_6B_PAST,SET,6B,PAST,P2,25.28,0.33,1.9,NA,,,,,,,,,,,,,,,,,,,,
SET-6B-PAST_P3,SET_6B_PAST,SET,6B,PAST,P3,23.98,0.2887909,1.2634774,repeated measurement,,,,,,,,,,,,,,,,,,,,
SET-6B-PAST_P3,SET_6B_PAST,SET,6B,PAST,P3,26.02,,,"first reading (0.36 and 4.1permil) marked as outlier discared, keep repeated reading (1.26 permil)",,,,,,,,,,,,,,,,,,,,
SET-6B-PAST_P4,SET_6B_PAST,SET,6B,PAST,P4,24.28,0.48,0.2,NA,,,,,,,,,,,,,,,,,,,,
SET-6B-PAST_P5,SET_6B_PAST,SET,6B,PAST,P5,26.06,0.48,0.9,NA,,,,,,,,,,,,,,,,,,,,
SET-6C-PAST_P1,SET_6C_PAST,SET,6C,PAST,P1,23.97,0.41,3.6,NA,,,,,,,,,,,,,,,,,,,,
SET-6C-PAST_P2,SET_6C_PAST,SET,6C,PAST,P2,25.81,0.5,1.7,NA,,,,,,,,,,,,,,,,,,,,
SET-6C-PAST_P3,SET_6C_PAST,SET,6C,PAST,P3,24.53,0.22,1.4,NA,,,,,,,,,,,,,,,,,,,,
SET-6C-PAST_P4,SET_6C_PAST,SET,6C,PAST,P4,23.07,0.26,2,NA,,,,,,,,,,,,,,,,,,,,
SET-6C-PAST_P5,SET_6C_PAST,SET,6C,PAST,P5,25.93,0.43,1,NA,,,,,,,,,,,,,,,,,,,,
SET-9-LONG_P1,SET_9_LONG,SET,9,LONG,P1,25.24,0.31,1.3,NA,,,,,,,,,,,,,,,,,,,,
SET-9-LONG_P2,SET_9_LONG,SET,9,LONG,P2,24.3,0.39,-0.4,NA,,,,,,,,,,,,,,,,,,,,
SET-9-LONG_P3,SET_9_LONG,SET,9,LONG,P3,25.29,0.28,0.8,NA,,,,,,,,,,,,,,,,,,,,
SET-9-LONG_P4,SET_9_LONG,SET,9,LONG,P4,23.54,0.3996218,2.2055683,repeated measurement,,,,,,,,,,,,,,,,,,,,
SET-9-LONG_P4,SET_9_LONG,SET,9,LONG,P4,23.3,,,"first reading (0.27 and 4.4permil) marked as outlier discared, keep repeated reading (2.2 permil)",,,,,,,,,,,,,,,,,,,,
SET-9-LONG_P5,SET_9_LONG,SET,9,LONG,P5,23.52,0.43,0.4,NA,,,,,,,,,,,,,,,,,,,,
SF-1-PAST_P1,SF_1_PAST,SF,1,PAST,P1,24.89,0.32,2,NA,,,,,,,,,,,,,,,,,,,,
SF-1-PAST_P2,SF_1_PAST,SF,1,PAST,P2,24.72,0.52,0.5,NA,,,,,,,,,,,,,,,,,,,,
SF-1-PAST_P3,SF_1_PAST,SF,1,PAST,P3,26.15,0.4242944,1.4117979,repeated measurement,,,,,,,,,,,,,,,,,,,,
SF-1-PAST_P3,SF_1_PAST,SF,1,PAST,P3,24.35,0.37,1.55,average of two measurements from two capsules in the same position with values 1.7 and 1.4,,,,,,,,,,,,,,,,,,,,
SF-1-PAST_P4,SF_1_PAST,SF,1,PAST,P4,24.08,0.34,1.9,NA,,,,,,,,,,,,,,,,,,,,
SF-1-PAST_P5,SF_1_PAST,SF,1,PAST,P5,24.97,0.33,2,NA,,,,,,,,,,,,,,,,,,,,
SF-4A-LONG_P1,SF_4A_LONG,SF,4A,LONG,P1,26.22,0.24,3,NA,,,,,,,,,,,,,,,,,,,,
SF-4A-LONG_P2,SF_4A_LONG,SF,4A,LONG,P2,25.45,0.22,3.5,NA,,,,,,,,,,,,,,,,,,,,
SF-4A-LONG_P3,SF_4A_LONG,SF,4A,LONG,P3,25.15,0.19,3.6,NA,,,,,,,,,,,,,,,,,,,,
SF-4A-LONG_P4,SF_4A_LONG,SF,4A,LONG,P4,24.21,0.19,3.3,NA,,,,,,,,,,,,,,,,,,,,
SF-4A-LONG_P5,SF_4A_LONG,SF,4A,LONG,P5,24.3,0.2,3.5,NA,,,,,,,,,,,,,,,,,,,,
SF-4B-LONG_P1,SF_4B_LONG,SF,4B,LONG,P1,24.26,0.28,2.2,NA,,,,,,,,,,,,,,,,,,,,
SF-4B-LONG_P2,SF_4B_LONG,SF,4B,LONG,P2,25.39,0.19,3.9,NA,,,,,,,,,,,,,,,,,,,,
SF-4B-LONG_P3,SF_4B_LONG,SF,4B,LONG,P3,25.96,0.26,3.1,NA,,,,,,,,,,,,,,,,,,,,
SF-4B-LONG_P4,SF_4B_LONG,SF,4B,LONG,P4,25.05,0.31,2.1,NA,,,,,,,,,,,,,,,,,,,,
SF-4B-LONG_P5,SF_4B_LONG,SF,4B,LONG,P5,25.89,0.32,2.2,NA,,,,,,,,,,,,,,,,,,,,
SF-5-LONG_P1,SF_5_LONG,SF,5,LONG,P1,26.22,0.13,3.3,NA,,,,,,,,,,,,,,,,,,,,
SF-5-LONG_P2,SF_5_LONG,SF,5,LONG,P2,25.39,0.2,1.5,NA,,,,,,,,,,,,,,,,,,,,
SF-5-LONG_P3,SF_5_LONG,SF,5,LONG,P3,24.01,0.16,3.7,NA,,,,,,,,,,,,,,,,,,,,
SF-5-LONG_P4,SF_5_LONG,SF,5,LONG,P4,25.06,0.22,0.6,NA,,,,,,,,,,,,,,,,,,,,
SF-5-LONG_P5,SF_5_LONG,SF,5,LONG,P5,25.96,0.22,0.8,NA,,,,,,,,,,,,,,,,,,,,
SF-5-PAST_P1,SF_5_PAST,SF,5,PAST,P1,25.02,0.28,1.4,NA,,,,,,,,,,,,,,,,,,,,
SF-5-PAST_P2,SF_5_PAST,SF,5,PAST,P2,23.57,0.22,2.3,NA,,,,,,,,,,,,,,,,,,,,
SF-5-PAST_P3,SF_5_PAST,SF,5,PAST,P3,25.33,0.15,2.6,NA,,,,,,,,,,,,,,,,,,,,
SF-5-PAST_P4,SF_5_PAST,SF,5,PAST,P4,26.09,0.16,3.2,NA,,,,,,,,,,,,,,,,,,,,
SF-5-PAST_P5,SF_5_PAST,SF,5,PAST,P5,24.59,0.34,3.1,NA,,,,,,,,,,,,,,,,,,,,
SF-6-PAST_P1,SF_6_PAST,SF,6,PAST,P1,24.3,0.35,3,NA,,,,,,,,,,,,,,,,,,,,
SF-6-PAST_P2,SF_6_PAST,SF,6,PAST,P2,24.42,0.23,2.9,NA,,,,,,,,,,,,,,,,,,,,
SF-6-PAST_P3,SF_6_PAST,SF,6,PAST,P3,23.63,0.23,2.8,NA,,,,,,,,,,,,,,,,,,,,
SF-6-PAST_P4,SF_6_PAST,SF,6,PAST,P4,25.95,0.3,2.4,NA,,,,,,,,,,,,,,,,,,,,
SF-6-PAST_P5,SF_6_PAST,SF,6,PAST,P5,26.35,0.2,2.9,NA,,,,,,,,,,,,,,,,,,,,
SF-7-LONG_P1,SF_7_LONG,SF,7,LONG,P1,24.6,0.21,2.5,NA,,,,,,,,,,,,,,,,,,,,
SF-7-LONG_P2,SF_7_LONG,SF,7,LONG,P2,24.5,0.08,2.4,NA,,,,,,,,,,,,,,,,,,,,
SF-7-LONG_P3,SF_7_LONG,SF,7,LONG,P3,26.41,0.09,1.8,NA,,,,,,,,,,,,,,,,,,,,
SF-7-LONG_P4,SF_7_LONG,SF,7,LONG,P4,25.4,0.19,2.9,NA,,,,,,,,,,,,,,,,,,,,
SF-7-LONG_P5,SF_7_LONG,SF,7,LONG,P5,23.71,0.12,3.8,NA,,,,,,,,,,,,,,,,,,,,
SF-7-PAST_P1,SF_7_PAST,SF,7,PAST,P1,26.1,0.25,3.6,NA,,,,,,,,,,,,,,,,,,,,
SF-7-PAST_P2,SF_7_PAST,SF,7,PAST,P2,26.01,0.19,3,NA,,,,,,,,,,,,,,,,,,,,
SF-7-PAST_P3,SF_7_PAST,SF,7,PAST,P3,25.58,0.44,1,NA,,,,,,,,,,,,,,,,,,,,
SF-7-PAST_P4,SF_7_PAST,SF,7,PAST,P4,23.41,0.2,1.9,NA,,,,,,,,,,,,,,,,,,,,
SF-7-PAST_P5,SF_7_PAST,SF,7,PAST,P5,24.47,0.15,2.4,NA,,,,,,,,,,,,,,,,,,,,
SF-8-LONG_P1,SF_8_LONG,SF,8,LONG,P1,24.02,0.2,1.7,NA,,,,,,,,,,,,,,,,,,,,
SF-8-LONG_P2,SF_8_LONG,SF,8,LONG,P2,25.89,0.24,1.8,NA,,,,,,,,,,,,,,,,,,,,
SF-8-LONG_P3,SF_8_LONG,SF,8,LONG,P3,24,0.08,2.8,soil particles in well,,,,,,,,,,,,,,,,,,,,
SF-8-LONG_P4,SF_8_LONG,SF,8,LONG,P4,23.96,0.06,3.3,NA,,,,,,,,,,,,,,,,,,,,
SF-8-LONG_P5,SF_8_LONG,SF,8,LONG,P5,24.56,0.1,2.7,NA,,,,,,,,,,,,,,,,,,,,
SF-9-PAST_P1,SF_9_PAST,SF,9,PAST,P1,24.08,0.26,2.8,NA,,,,,,,,,,,,,,,,,,,,
SF-9-PAST_P2,SF_9_PAST,SF,9,PAST,P2,25.2,0.39,2.4,NA,,,,,,,,,,,,,,,,,,,,
SF-9-PAST_P3,SF_9_PAST,SF,9,PAST,P3,24.3,0.38,2.2,NA,,,,,,,,,,,,,,,,,,,,
SF-9-PAST_P4,SF_9_PAST,SF,9,PAST,P4,25.71,0.28,2.6,NA,,,,,,,,,,,,,,,,,,,,
SF-9-PAST_P5,SF_9_PAST,SF,9,PAST,P5,23,0.17,1.6,NA,,,,,,,,,,,,,,,,,,,,
