plotID,spp,status_D_A,DBH_cm_summed,DBH_1_cm,DBH_2_cm,DBH_3_cm,DBH_4_cm,DBH_5_cm,DBH_6_cm,DBH_7_cm,DBH_8_cm,observations,Distance to the centre of plot
CT_17_LONG,Quercus ilex ,A,11,11,NA,NA,NA,NA,NA,NA,NA,NA ,NA 
CT_17_LONG,Quercus ilex ,A,9,9,NA,NA,NA,NA,NA,NA,NA,NA ,NA 
CT_17_LONG,Quercus ilex ,A,22.9,22.9,NA,NA,NA,NA,NA,NA,NA,NA ,NA 
CT_17_LONG,Quercus ilex ,A,12.5,12.5,NA,NA,NA,NA,NA,NA,NA,NA ,NA 
CT_17_LONG,Quercus ilex ,A,14.4,14.4,NA,NA,NA,NA,NA,NA,NA,NA ,NA 
CT_17_LONG,Quercus ilex ,A,23,23,NA,NA,NA,NA,NA,NA,NA,NA ,NA 
CT_17_LONG,Quercus ilex ,A,21.5,21.5,NA,NA,NA,NA,NA,NA,NA,NA ,NA 
CT_17_LONG,Quercus ilex ,A,23.2,23.2,NA,NA,NA,NA,NA,NA,NA,NA ,NA 
CT_17_LONG,Quercus ilex ,A,17.6,17.6,NA,NA,NA,NA,NA,NA,NA,NA ,NA 
CT_17_LONG,Quercus ilex ,A,22.2,22.2,NA,NA,NA,NA,NA,NA,NA,NA ,NA 
CT_17_LONG,Quercus ilex ,A,9.6,9.6,NA,NA,NA,NA,NA,NA,NA,NA ,NA 
CT_17_LONG,Quercus ilex ,A,15.9,15.9,NA,NA,NA,NA,NA,NA,NA,NA ,NA 
CT_17_LONG,Quercus ilex ,A,17.1,17.1,NA,NA,NA,NA,NA,NA,NA,NA ,NA 
CT_17_LONG,Quercus ilex ,A,9.2,9.2,NA,NA,NA,NA,NA,NA,NA,NA ,NA 
CT_17_LONG,Quercus ilex ,A,11.9,11.9,NA,NA,NA,NA,NA,NA,NA,NA ,NA 
CT_17_LONG,Quercus ilex ,A,9.6,9.6,NA,NA,NA,NA,NA,NA,NA,NA ,NA 
CT_17_LONG,Quercus ilex ,A,18.9,18.9,NA,NA,NA,NA,NA,NA,NA,NA ,NA 
CT_17_LONG,Quercus ilex ,A,15,15,NA,NA,NA,NA,NA,NA,NA,NA ,NA 
CT_17_LONG,Quercus ilex ,A,13.9,13.9,NA,NA,NA,NA,NA,NA,NA,NA ,NA 
CT_17_LONG,Quercus ilex ,A,15.1,15.1,NA,NA,NA,NA,NA,NA,NA,NA ,NA 
CT_17_LONG,Quercus ilex ,A,14.7,14.7,NA,NA,NA,NA,NA,NA,NA,NA ,NA 
CT_17_LONG,Quercus ilex ,A,30,30,NA,NA,NA,NA,NA,NA,NA,NA ,NA 
CT_17_LONG,Quercus ilex ,A,11.7,11.7,NA,NA,NA,NA,NA,NA,NA,NA ,NA 
CT_17_LONG,Quercus ilex ,A,9.8,9.8,NA,NA,NA,NA,NA,NA,NA,NA ,NA 
CT_17_LONG,Quercus ilex ,A,17.1,17.1,NA,NA,NA,NA,NA,NA,NA,NA ,NA 
CT_17_LONG,Quercus ilex ,A,24.6,24.6,NA,NA,NA,NA,NA,NA,NA,NA ,NA 
CT_17_LONG,Quercus ilex ,A,28.6,28.6,NA,NA,NA,NA,NA,NA,NA,NA ,NA 
CT_17_LONG,Quercus ilex ,A,26.5,26.5,NA,NA,NA,NA,NA,NA,NA,NA ,NA 
CT_17_LONG,Quercus ilex ,A,28.9,28.9,NA,NA,NA,NA,NA,NA,NA,NA ,NA 
CT_17_LONG,Quercus ilex ,A,12.6,12.6,NA,NA,NA,NA,NA,NA,NA,NA ,NA 
CT_17_LONG,Quercus ilex ,A,20.4,20.4,NA,NA,NA,NA,NA,NA,NA,NA ,NA 
CT_17_LONG,Quercus ilex ,A,44.3,44.3,NA,NA,NA,NA,NA,NA,NA,NA ,NA 
CT_17_LONG,Quercus ilex ,A,12,12,NA,NA,NA,NA,NA,NA,NA,NA ,NA 
CT_17_LONG,Quercus ilex ,D,8,8,NA,NA,NA,NA,NA,NA,NA,NA ,NA 
CT_17_LONG,Quercus ilex ,A,26.4,26.4,NA,NA,NA,NA,NA,NA,NA,NA ,NA 
CT_17_LONG,Quercus ilex ,D,12.1,12.1,NA,NA,NA,NA,NA,NA,NA,NA ,NA 
CT_17_LONG,Quercus ilex ,D,12.2,12.2,NA,NA,NA,NA,NA,NA,NA,NA ,NA 
CT_17_LONG,Quercus ilex ,D,14.6,14.6,NA,NA,NA,NA,NA,NA,NA,NA ,NA 
CT_17_LONG,Quercus ilex ,D,8.8,8.8,NA,NA,NA,NA,NA,NA,NA,NA ,NA 
CT_17_LONG,Quercus ilex ,A,2,2,NA,NA,NA,NA,NA,NA,NA,NA ,NA 
CT_17_LONG,Quercus ilex ,A,12.2,12.2,NA,NA,NA,NA,NA,NA,NA,NA ,NA 
CT_17_LONG,Quercus ilex ,A,18.9,18.9,NA,NA,NA,NA,NA,NA,NA,NA ,NA 
CT_17_LONG,Quercus ilex ,A,18.2,18.2,NA,NA,NA,NA,NA,NA,NA,NA ,NA 
CT_17_LONG,Quercus ilex ,A,25.8,25.8,NA,NA,NA,NA,NA,NA,NA,NA ,NA 
CT_17_LONG,Quercus ilex ,A,21.1,21.1,NA,NA,NA,NA,NA,NA,NA,NA ,NA 
CT_17_LONG,Quercus ilex ,A,14.7,14.7,NA,NA,NA,NA,NA,NA,NA,NA ,NA 
CT_17_LONG,Quercus ilex ,A,12.6,12.6,NA,NA,NA,NA,NA,NA,NA,NA ,NA 
CT_17_LONG,Quercus ilex ,A,9.2,9.2,NA,NA,NA,NA,NA,NA,NA,NA ,NA 
CT_17_LONG,Quercus ilex ,A,23,23,NA,NA,NA,NA,NA,NA,NA,NA ,NA 
CT_17_LONG,Quercus ilex ,A,25.8,25.8,NA,NA,NA,NA,NA,NA,NA,NA ,NA 
CT_17_LONG,Quercus ilex ,A,14.6,14.6,NA,NA,NA,NA,NA,NA,NA,NA ,NA 
CT_17_LONG,Quercus ilex ,A,9.3,9.3,NA,NA,NA,NA,NA,NA,NA,NA ,NA 
CT_17_LONG,Quercus ilex ,A,12.9,12.9,NA,NA,NA,NA,NA,NA,NA,NA ,NA 
CT_1A_PAST,Quercus ilex ,A,9.1,9.1,NA,NA,NA,NA,NA,NA,NA,NA ,NA 
CT_1A_PAST,Quercus ilex ,A,17.9,17.9,NA,NA,NA,NA,NA,NA,NA,NA ,NA 
CT_1A_PAST,Quercus ilex ,A,14.7,14.7,NA,NA,NA,NA,NA,NA,NA,NA ,NA 
CT_1A_PAST,Quercus ilex ,A,17.2,17.2,NA,NA,NA,NA,NA,NA,NA,NA ,NA 
CT_1A_PAST,Quercus ilex ,A,15.5,15.5,NA,NA,NA,NA,NA,NA,NA,NA ,NA 
CT_1A_PAST,Quercus ilex ,A,14.6,14.6,NA,NA,NA,NA,NA,NA,NA,NA ,NA 
CT_1A_PAST,Quercus ilex ,A,31.2,16.4,14.8,NA,NA,NA,NA,NA,NA,2 stems,NA 
CT_1A_PAST,Quercus ilex ,A,36.5,14.5,22,NA,NA,NA,NA,NA,NA,2 stems,NA 
CT_1A_PAST,Quercus ilex ,A,17.2,17.2,NA,NA,NA,NA,NA,NA,NA,NA ,NA 
CT_1A_PAST,Quercus ilex ,A,16.2,16.2,NA,NA,NA,NA,NA,NA,NA,NA ,NA 
CT_1A_PAST,Quercus ilex ,A,17.9,17.9,NA,NA,NA,NA,NA,NA,NA,NA ,NA 
CT_1A_PAST,Quercus ilex ,A,11.2,11.2,NA,NA,NA,NA,NA,NA,NA,NA ,NA 
CT_1A_PAST,Quercus ilex ,A,9.4,9.4,NA,NA,NA,NA,NA,NA,NA,NA ,NA 
CT_1A_PAST,Quercus ilex ,A,16.8,16.8,NA,NA,NA,NA,NA,NA,NA,NA ,NA 
CT_1A_PAST,Quercus ilex ,A,14.8,14.8,NA,NA,NA,NA,NA,NA,NA,NA ,NA 
CT_1A_PAST,Quercus ilex ,A,29.5,29.5,NA,NA,NA,NA,NA,NA,NA,NA ,NA 
CT_1A_PAST,Quercus ilex ,A,10.8,10.8,NA,NA,NA,NA,NA,NA,NA,NA ,NA 
CT_1A_PAST,Quercus ilex ,A,26.3,26.3,NA,NA,NA,NA,NA,NA,NA,NA ,NA 
CT_1A_PAST,Quercus ilex ,A,16.4,16.4,NA,NA,NA,NA,NA,NA,NA,NA ,NA 
CT_1A_PAST,Quercus ilex ,A,14.6,14.6,NA,NA,NA,NA,NA,NA,NA,NA ,NA 
CT_1A_PAST,Quercus ilex ,A,13.4,13.4,NA,NA,NA,NA,NA,NA,NA,NA ,NA 
CT_1A_PAST,Quercus ilex ,A,15,15,NA,NA,NA,NA,NA,NA,NA,NA ,NA 
CT_1A_PAST,Quercus ilex ,A,10.8,10.8,NA,NA,NA,NA,NA,NA,NA,NA ,NA 
CT_1A_PAST,Quercus ilex ,A,8.1,8.1,NA,NA,NA,NA,NA,NA,NA,NA ,NA 
CT_1A_PAST,Quercus ilex ,A,10.4,10.4,NA,NA,NA,NA,NA,NA,NA,NA ,NA 
CT_1A_PAST,Quercus ilex ,A,12.1,12.1,NA,NA,NA,NA,NA,NA,NA,NA ,NA 
CT_1A_PAST,Quercus ilex ,A,20.1,20.1,NA,NA,NA,NA,NA,NA,NA,NA ,NA 
CT_1A_PAST,Quercus ilex ,A,17.4,17.4,NA,NA,NA,NA,NA,NA,NA,NA ,NA 
CT_1A_PAST,Quercus ilex ,A,10.4,10.4,NA,NA,NA,NA,NA,NA,NA,NA ,NA 
CT_1A_PAST,Quercus ilex ,A,11.6,11.6,NA,NA,NA,NA,NA,NA,NA,NA ,NA 
CT_1A_PAST,Quercus ilex ,A,13,13,NA,NA,NA,NA,NA,NA,NA,NA ,NA 
CT_1A_PAST,Quercus ilex ,A,8.8,8.8,NA,NA,NA,NA,NA,NA,NA,NA ,NA 
CT_1A_PAST,Quercus ilex ,A,30.5,30.5,NA,NA,NA,NA,NA,NA,NA,NA ,NA 
CT_1A_PAST,Quercus ilex ,A,31.9,31.9,NA,NA,NA,NA,NA,NA,NA,NA ,NA 
CT_1A_PAST,Quercus ilex ,A,24.9,24.9,NA,NA,NA,NA,NA,NA,NA,NA ,NA 
CT_1A_PAST,Quercus ilex ,A,21.2,21.2,NA,NA,NA,NA,NA,NA,NA,NA ,NA 
CT_1A_PAST,Quercus ilex ,A,9.6,9.6,NA,NA,NA,NA,NA,NA,NA,NA ,NA 
CT_1A_PAST,Quercus ilex ,A,11.1,11.1,NA,NA,NA,NA,NA,NA,NA,NA ,NA 
CT_1A_PAST,Quercus ilex ,A,7.5,7.5,NA,NA,NA,NA,NA,NA,NA,NA ,NA 
CT_1B_PAST,Quercus ilex ,A,112.3,112.3,NA,NA,NA,NA,NA,NA,NA,NA ,NA 
CT_1B_PAST,Quercus ilex ,A,8.1,8.1,NA,NA,NA,NA,NA,NA,NA,NA ,NA 
CT_1B_PAST,Quercus ilex ,A,15.9,15.9,NA,NA,NA,NA,NA,NA,NA,NA ,NA 
CT_1B_PAST,Quercus ilex ,A,47.8,18.6,17.7,11.5,NA,NA,NA,NA,NA,3 stems,NA 
CT_1B_PAST,Quercus ilex ,A,16.1,16.1,NA,NA,NA,NA,NA,NA,NA,NA ,NA 
CT_1B_PAST,Quercus ilex ,A,12.2,12.2,NA,NA,NA,NA,NA,NA,NA,NA ,NA 
CT_1B_PAST,Quercus ilex ,A,11.6,11.6,NA,NA,NA,NA,NA,NA,NA,NA ,NA 
CT_1B_PAST,Quercus ilex ,A,15,15,NA,NA,NA,NA,NA,NA,NA,NA ,NA 
CT_1B_PAST,Quercus ilex ,A,18.5,18.5,NA,NA,NA,NA,NA,NA,NA,NA ,NA 
CT_1B_PAST,Quercus ilex ,A,21,21,NA,NA,NA,NA,NA,NA,NA,NA ,NA 
CT_1B_PAST,Quercus ilex ,A,7.6,7.6,NA,NA,NA,NA,NA,NA,NA,NA ,NA 
CT_1B_PAST,Quercus ilex ,A,17.4,17.4,NA,NA,NA,NA,NA,NA,NA,NA ,NA 
CT_1B_PAST,Quercus ilex ,A,12.5,12.5,NA,NA,NA,NA,NA,NA,NA,NA ,NA 
CT_1B_PAST,Quercus ilex ,A,17.3,17.3,NA,NA,NA,NA,NA,NA,NA,NA ,NA 
CT_1B_PAST,Quercus ilex ,A,18.7,18.7,NA,NA,NA,NA,NA,NA,NA,NA ,NA 
CT_1B_PAST,Quercus ilex ,A,9.6,9.6,NA,NA,NA,NA,NA,NA,NA,NA ,NA 
CT_1B_PAST,Quercus ilex ,A,28.4,28.4,NA,NA,NA,NA,NA,NA,NA,NA ,NA 
CT_1B_PAST,Quercus ilex ,A,15.4,15.4,NA,NA,NA,NA,NA,NA,NA,NA ,NA 
CT_1B_PAST,Quercus ilex ,A,26.7,26.7,NA,NA,NA,NA,NA,NA,NA,NA ,NA 
CT_1B_PAST,Quercus ilex ,A,33.1,33.1,NA,NA,NA,NA,NA,NA,NA,NA ,NA 
CT_1B_PAST,Quercus ilex ,A,13.8,13.8,NA,NA,NA,NA,NA,NA,NA,NA ,NA 
CT_1B_PAST,Quercus ilex ,A,7.9,7.9,NA,NA,NA,NA,NA,NA,NA,NA ,NA 
CT_1B_PAST,Quercus ilex ,A,15.1,15.1,NA,NA,NA,NA,NA,NA,NA,NA ,NA 
CT_1B_PAST,Quercus ilex ,A,20.2,20.2,NA,NA,NA,NA,NA,NA,NA,NA ,NA 
CT_1B_PAST,Quercus ilex ,A,30,15.7,14.3,NA,NA,NA,NA,NA,NA,2 stems,NA 
CT_1B_PAST,Quercus ilex ,A,24.6,24.6,NA,NA,NA,NA,NA,NA,NA,NA ,NA 
CT_1B_PAST,Quercus ilex ,A,18,18,NA,NA,NA,NA,NA,NA,NA,NA ,NA 
CT_1B_PAST,Quercus ilex ,A,12.2,12.2,NA,NA,NA,NA,NA,NA,NA,NA ,NA 
CT_1B_PAST,Quercus ilex ,A,14,14,NA,NA,NA,NA,NA,NA,NA,NA ,NA 
CT_1B_PAST,Quercus ilex ,A,21.6,10.1,11.5,NA,NA,NA,NA,NA,NA,2 stems,NA 
CT_1B_PAST,Quercus ilex ,A,20,20,NA,NA,NA,NA,NA,NA,NA,NA ,NA 
CT_1B_PAST,Quercus ilex ,A,11.6,11.6,NA,NA,NA,NA,NA,NA,NA,NA ,NA 
CT_1B_PAST,Quercus ilex ,A,12.7,12.7,NA,NA,NA,NA,NA,NA,NA,NA ,NA 
CT_1B_PAST,Quercus ilex ,A,10.1,10.1,NA,NA,NA,NA,NA,NA,NA,NA ,NA 
CT_1B_PAST,Quercus ilex ,A,9.1,9.1,NA,NA,NA,NA,NA,NA,NA,NA ,NA 
CT_1B_PAST,Quercus ilex ,A,9,9,NA,NA,NA,NA,NA,NA,NA,NA ,NA 
CT_2_PAST,Quercus ilex ,A,19.6,19.6,NA,NA,NA,NA,NA,NA,NA,NA ,NA 
CT_2_PAST,Quercus ilex ,A,11,11,NA,NA,NA,NA,NA,NA,NA,NA ,NA 
CT_2_PAST,Quercus ilex ,A,15.6,15.6,NA,NA,NA,NA,NA,NA,NA,NA ,NA 
CT_2_PAST,Quercus ilex ,A,43.8,43.8,NA,NA,NA,NA,NA,NA,NA,NA ,NA 
CT_2_PAST,Quercus ilex ,A,20.7,20.7,NA,NA,NA,NA,NA,NA,NA,NA ,NA 
CT_2_PAST,Quercus ilex ,A,11.1,11.1,NA,NA,NA,NA,NA,NA,NA,NA ,NA 
CT_2_PAST,Quercus ilex ,NA,22,22,NA,NA,NA,NA,NA,NA,NA,NA ,NA 
CT_2_PAST,Quercus ilex ,NA,17.1,17.1,NA,NA,NA,NA,NA,NA,NA,NA ,NA 
CT_2_PAST,Quercus ilex ,NA,22.2,22.2,NA,NA,NA,NA,NA,NA,NA,NA ,NA 
CT_2_PAST,Quercus ilex ,NA,19.1,19.1,NA,NA,NA,NA,NA,NA,NA,NA ,NA 
CT_2_PAST,Quercus ilex ,A,22.5,11.4,11.1,NA,NA,NA,NA,NA,NA,2 stems,NA 
CT_2_PAST,Quercus ilex ,A,17.8,17.8,NA,NA,NA,NA,NA,NA,NA,NA ,NA 
CT_2_PAST,Quercus ilex ,A,47.5,17.4,16.1,14,NA,NA,NA,NA,NA,3 stems,NA 
CT_2_PAST,Quercus ilex ,A,15.3,15.3,NA,NA,NA,NA,NA,NA,NA,NA ,NA 
CT_2_PAST,Quercus ilex ,A,15.9,15.9,NA,NA,NA,NA,NA,NA,NA,NA ,NA 
CT_2_PAST,Quercus ilex ,A,19.2,19.2,NA,NA,NA,NA,NA,NA,NA,NA ,NA 
CT_2_PAST,Quercus ilex ,A,28.3,28.3,NA,NA,NA,NA,NA,NA,NA,NA ,NA 
CT_2_PAST,Quercus ilex ,A,16.6,16.6,NA,NA,NA,NA,NA,NA,NA,NA ,NA 
CT_2_PAST,Quercus ilex ,A,12.8,12.8,NA,NA,NA,NA,NA,NA,NA,NA ,NA 
CT_3_PAST,Quercus ilex ,D,15.1,15.1,NA,NA,NA,NA,NA,NA,NA,NA ,NA 
CT_3_PAST,Quercus ilex ,D,8.7,8.7,NA,NA,NA,NA,NA,NA,NA,NA ,NA 
CT_3_PAST,Quercus ilex ,D,8.5,8.5,NA,NA,NA,NA,NA,NA,NA,NA ,NA 
CT_3_PAST,Quercus ilex ,D,7.5,7.5,NA,NA,NA,NA,NA,NA,NA,NA ,NA 
CT_3_PAST,Quercus ilex ,A,10.3,10.3,NA,NA,NA,NA,NA,NA,NA,NA ,NA 
CT_3_PAST,Quercus ilex ,A,7.6,7.6,NA,NA,NA,NA,NA,NA,NA,NA ,NA 
CT_3_PAST,Quercus ilex ,A,10.6,10.6,NA,NA,NA,NA,NA,NA,NA,NA ,NA 
CT_3_PAST,Quercus ilex ,A,19.1,19.1,NA,NA,NA,NA,NA,NA,NA,NA ,NA 
CT_3_PAST,Quercus ilex ,A,10.5,10.5,NA,NA,NA,NA,NA,NA,NA,NA ,NA 
CT_3_PAST,Quercus ilex ,A,33.2,19.2,14,NA,NA,NA,NA,NA,NA,2 stems ,NA 
CT_3_PAST,Quercus ilex ,A,21.4,21.4,NA,NA,NA,NA,NA,NA,NA,NA ,NA 
CT_3_PAST,Quercus ilex ,A,11.6,11.6,NA,NA,NA,NA,NA,NA,NA,NA ,NA 
CT_3_PAST,Quercus ilex ,A,27.2,27.2,NA,NA,NA,NA,NA,NA,NA,NA ,NA 
CT_3_PAST,Quercus ilex ,A,28.6,28.6,NA,NA,NA,NA,NA,NA,NA,NA ,NA 
CT_3_PAST,Quercus ilex ,A,17.3,17.3,NA,NA,NA,NA,NA,NA,NA,NA ,NA 
CT_3_PAST,Quercus ilex ,A,10.2,10.2,NA,NA,NA,NA,NA,NA,NA,NA ,NA 
CT_3_PAST,Quercus ilex ,A,19.8,19.8,NA,NA,NA,NA,NA,NA,NA,NA ,NA 
CT_3_PAST,Quercus ilex ,A,25.1,25.1,NA,NA,NA,NA,NA,NA,NA,NA ,NA 
CT_3_PAST,Quercus ilex ,A,7.7,7.7,NA,NA,NA,NA,NA,NA,NA,NA ,NA 
CT_3_PAST,Quercus ilex ,A,9.1,9.1,NA,NA,NA,NA,NA,NA,NA,NA ,NA 
CT_3_PAST,Quercus ilex ,A,16.3,16.3,NA,NA,NA,NA,NA,NA,NA,NA ,NA 
CT_3_PAST,Quercus ilex ,A,11.1,11.1,NA,NA,NA,NA,NA,NA,NA,NA ,NA 
CT_3_PAST,Quercus ilex ,A,7.8,7.8,NA,NA,NA,NA,NA,NA,NA,NA ,NA 
CT_3_PAST,Quercus ilex ,A,10.4,10.4,NA,NA,NA,NA,NA,NA,NA,NA ,NA 
CT_3_PAST,Quercus ilex ,A,13.1,13.1,NA,NA,NA,NA,NA,NA,NA,NA ,NA 
CT_3_PAST,Quercus ilex ,A,11.3,11.3,NA,NA,NA,NA,NA,NA,NA,NA ,NA 
CT_3_PAST,Quercus ilex ,A,15,15,NA,NA,NA,NA,NA,NA,NA,NA ,NA 
CT_3_PAST,Quercus ilex ,A,12.2,12.2,NA,NA,NA,NA,NA,NA,NA,NA ,NA 
CT_3_PAST,Quercus ilex ,A,9.3,9.3,NA,NA,NA,NA,NA,NA,NA,NA ,NA 
CT_3_PAST,Quercus ilex ,A,10,10,NA,NA,NA,NA,NA,NA,NA,NA ,NA 
CT_3_PAST,Quercus ilex ,A,11.4,11.4,NA,NA,NA,NA,NA,NA,NA,NA ,NA 
CT_3_PAST,Quercus ilex ,A,11.4,11.4,NA,NA,NA,NA,NA,NA,NA,NA ,NA 
CT_3_PAST,Quercus ilex ,A,11,11,NA,NA,NA,NA,NA,NA,NA,NA ,NA 
CT_3_PAST,Quercus ilex ,A,11.1,11.1,NA,NA,NA,NA,NA,NA,NA,NA ,NA 
CT_3_PAST,Quercus ilex ,A,42.9,15,19.4,8.5,NA,NA,NA,NA,NA,3 stems,NA 
CT_3_PAST,Quercus ilex ,A,14.4,14.4,NA,NA,NA,NA,NA,NA,NA,NA,NA 
CT_3_PAST,Quercus ilex ,A,17.5,17.5,NA,NA,NA,NA,NA,NA,NA,NA,NA 
CT_3_PAST,Quercus ilex ,A,15.6,15.6,NA,NA,NA,NA,NA,NA,NA,NA,NA 
CT_3_PAST,Quercus ilex ,A,16.4,16.4,NA,NA,NA,NA,NA,NA,NA,NA,NA 
CT_3_PAST,Quercus ilex ,A,8,8,NA,NA,NA,NA,NA,NA,NA,NA,NA 
CT_3_PAST,Quercus ilex ,A,11.5,11.5,NA,NA,NA,NA,NA,NA,NA,NA,NA 
CT_3_PAST,Quercus ilex ,A,12,12,NA,NA,NA,NA,NA,NA,NA,NA,NA 
CT_3_PAST,Quercus ilex ,A,45.2,45.2,NA,NA,NA,NA,NA,NA,NA,NA,NA 
CT_3_PAST,Quercus ilex ,A,44.9,24.7,20.2,NA,NA,NA,NA,NA,NA,2 stems,NA 
CT_3_PAST,Quercus ilex ,A,22.2,22.2,NA,NA,NA,NA,NA,NA,NA,NA,NA 
CT_5A_LONG,Quercus ilex ,A,18.3,18.3,NA,NA,NA,NA,NA,NA,NA,NA,NA 
CT_5A_LONG,Quercus ilex ,A,23.6,23.6,NA,NA,NA,NA,NA,NA,NA,NA,NA 
CT_5A_LONG,Quercus ilex ,A,9.4,9.4,NA,NA,NA,NA,NA,NA,NA,NA,NA 
CT_5A_LONG,Quercus ilex ,A,10.8,10.8,NA,NA,NA,NA,NA,NA,NA,NA,NA 
CT_5A_LONG,Quercus ilex ,A,10.9,10.9,NA,NA,NA,NA,NA,NA,NA,NA,NA 
CT_5A_LONG,Quercus ilex ,A,19,19,NA,NA,NA,NA,NA,NA,NA,NA,NA 
CT_5A_LONG,Quercus ilex ,A,22.2,22.2,NA,NA,NA,NA,NA,NA,NA,NA,NA 
CT_5A_LONG,Quercus ilex ,A,17.5,17.5,NA,NA,NA,NA,NA,NA,NA,NA,NA 
CT_5A_LONG,Quercus ilex ,A,16.3,16.3,NA,NA,NA,NA,NA,NA,NA,NA,NA 
CT_5A_LONG,Quercus ilex ,A,9,9,NA,NA,NA,NA,NA,NA,NA,NA,NA 
CT_5A_LONG,Quercus ilex ,A,22.8,22.8,NA,NA,NA,NA,NA,NA,NA,NA,NA 
CT_5A_LONG,Quercus ilex ,A,13.8,13.8,NA,NA,NA,NA,NA,NA,NA,NA,NA 
CT_5A_LONG,Quercus ilex ,A,20.5,20.5,NA,NA,NA,NA,NA,NA,NA,NA,NA 
CT_5A_LONG,Quercus ilex ,A,11.1,11.1,NA,NA,NA,NA,NA,NA,NA,NA,NA 
CT_5A_LONG,Quercus ilex ,A,19.1,19.1,NA,NA,NA,NA,NA,NA,NA,NA,NA 
CT_5A_LONG,Quercus ilex ,A,16.4,16.4,NA,NA,NA,NA,NA,NA,NA,NA,NA 
CT_5A_LONG,Quercus ilex ,A,23.1,23.1,NA,NA,NA,NA,NA,NA,NA,NA,NA 
CT_5A_LONG,Quercus ilex ,A,12.4,12.4,NA,NA,NA,NA,NA,NA,NA,NA,NA 
CT_5A_LONG,Quercus ilex ,A,9,9,NA,NA,NA,NA,NA,NA,NA,NA,NA 
CT_5A_LONG,Quercus ilex ,A,26.3,26.3,NA,NA,NA,NA,NA,NA,NA,NA,NA 
CT_5A_LONG,Quercus ilex ,A,11.3,11.3,NA,NA,NA,NA,NA,NA,NA,NA,NA 
CT_5A_LONG,Quercus ilex ,A,9.3,9.3,NA,NA,NA,NA,NA,NA,NA,NA,NA 
CT_5A_LONG,Quercus ilex ,A,22.3,22.3,NA,NA,NA,NA,NA,NA,NA,NA,NA 
CT_5A_LONG,Quercus ilex ,A,15.2,15.2,NA,NA,NA,NA,NA,NA,NA,NA,NA 
CT_5A_LONG,Quercus ilex ,A,7.6,7.6,NA,NA,NA,NA,NA,NA,NA,NA,NA 
CT_5A_LONG,Quercus ilex ,A,25.4,25.4,NA,NA,NA,NA,NA,NA,NA,NA,NA 
CT_5A_LONG,Quercus ilex ,A,11.3,11.3,NA,NA,NA,NA,NA,NA,NA,NA,NA 
CT_5A_LONG,Quercus ilex ,A,13.4,13.4,NA,NA,NA,NA,NA,NA,NA,NA,NA 
CT_5A_LONG,Quercus ilex ,A,11.6,11.6,NA,NA,NA,NA,NA,NA,NA,NA,NA 
CT_5A_LONG,Quercus ilex ,A,12,12,NA,NA,NA,NA,NA,NA,NA,NA,NA 
CT_5A_LONG,Quercus ilex ,A,12.8,12.8,NA,NA,NA,NA,NA,NA,NA,NA,NA 
CT_5A_LONG,Quercus ilex ,A,25.8,25.8,NA,NA,NA,NA,NA,NA,NA,NA,NA 
CT_5A_LONG,Quercus ilex ,A,14.2,14.2,NA,NA,NA,NA,NA,NA,NA,NA,NA 
CT_5A_LONG,Quercus ilex ,A,34.8,34.8,NA,NA,NA,NA,NA,NA,NA,NA,NA 
CT_5A_LONG,Quercus ilex ,A,12.8,12.8,NA,NA,NA,NA,NA,NA,NA,NA,NA 
CT_5A_LONG,Quercus ilex ,A,9.4,9.4,NA,NA,NA,NA,NA,NA,NA,NA,NA 
CT_5A_LONG,Quercus ilex ,A,22.1,22.1,NA,NA,NA,NA,NA,NA,NA,NA,NA 
CT_5A_LONG,Quercus ilex ,A,7.6,7.6,NA,NA,NA,NA,NA,NA,NA,NA,NA 
CT_5A_LONG,Quercus ilex ,A,15.9,15.9,NA,NA,NA,NA,NA,NA,NA,NA,NA 
CT_5A_LONG,Quercus ilex ,A,10.9,10.9,NA,NA,NA,NA,NA,NA,NA,NA,NA 
CT_5A_LONG,Quercus ilex ,A,24.5,24.5,NA,NA,NA,NA,NA,NA,NA,NA,NA 
CT_5A_LONG,Quercus ilex ,A,16.4,16.4,NA,NA,NA,NA,NA,NA,NA,NA,NA 
CT_5A_LONG,Quercus ilex ,A,16.7,16.7,NA,NA,NA,NA,NA,NA,NA,NA,NA 
CT_5A_LONG,Quercus ilex ,A,11.6,11.6,NA,NA,NA,NA,NA,NA,NA,NA,NA 
CT_5A_LONG,Quercus ilex ,A,15.5,15.5,NA,NA,NA,NA,NA,NA,NA,NA,NA 
CT_5A_LONG,Quercus ilex ,A,19.9,19.9,NA,NA,NA,NA,NA,NA,NA,NA,NA 
CT_5B_LONG,Quercus ilex ,A,11.5,11.5,NA,NA,NA,NA,NA,NA,NA,NA,NA 
CT_5B_LONG,Quercus ilex ,A,10.2,10.2,NA,NA,NA,NA,NA,NA,NA,NA,NA 
CT_5B_LONG,Quercus ilex ,A,11.3,11.3,NA,NA,NA,NA,NA,NA,NA,NA,NA 
CT_5B_LONG,Quercus ilex ,A,13.2,13.2,NA,NA,NA,NA,NA,NA,NA,NA,NA 
CT_5B_LONG,Quercus ilex ,A,10.1,10.1,NA,NA,NA,NA,NA,NA,NA,NA,NA 
CT_5B_LONG,Quercus ilex ,A,15.7,15.7,NA,NA,NA,NA,NA,NA,NA,NA,NA 
CT_5B_LONG,Quercus ilex ,A,11.1,11.1,NA,NA,NA,NA,NA,NA,NA,NA,NA 
CT_5B_LONG,Quercus ilex ,A,8.3,8.3,NA,NA,NA,NA,NA,NA,NA,NA,NA 
CT_5B_LONG,Quercus ilex ,A,16.3,16.3,NA,NA,NA,NA,NA,NA,NA,NA,NA 
CT_5B_LONG,Quercus ilex ,A,23.8,23.8,NA,NA,NA,NA,NA,NA,NA,NA,NA 
CT_5B_LONG,Quercus ilex ,A,20.6,20.6,NA,NA,NA,NA,NA,NA,NA,NA,NA 
CT_5B_LONG,Quercus ilex ,A,12.5,12.5,NA,NA,NA,NA,NA,NA,NA,NA,NA 
CT_5B_LONG,Quercus ilex ,A,17.5,17.5,NA,NA,NA,NA,NA,NA,NA,NA,NA 
CT_5B_LONG,Quercus ilex ,A,15.6,15.6,NA,NA,NA,NA,NA,NA,NA,NA,NA 
CT_5B_LONG,Quercus ilex ,A,12.6,12.6,NA,NA,NA,NA,NA,NA,NA,NA,NA 
CT_5B_LONG,Quercus ilex ,A,10,10,NA,NA,NA,NA,NA,NA,NA,NA,NA 
CT_5B_LONG,Quercus ilex ,A,16.5,16.5,NA,NA,NA,NA,NA,NA,NA,NA,NA 
CT_5B_LONG,Quercus ilex ,A,14.2,14.2,NA,NA,NA,NA,NA,NA,NA,NA,NA 
CT_5B_LONG,Quercus ilex ,A,9.5,9.5,NA,NA,NA,NA,NA,NA,NA,NA,NA 
CT_5B_LONG,Quercus ilex ,A,13.5,13.5,NA,NA,NA,NA,NA,NA,NA,NA,NA 
CT_5B_LONG,Quercus ilex ,A,7.6,7.6,NA,NA,NA,NA,NA,NA,NA,NA,NA 
CT_5B_LONG,Quercus ilex ,A,1.3,1.3,NA,NA,NA,NA,NA,NA,NA,NA,NA 
CT_5B_LONG,Quercus ilex ,A,8.9,8.9,NA,NA,NA,NA,NA,NA,NA,NA,NA 
CT_5B_LONG,Quercus ilex ,A,15,15,NA,NA,NA,NA,NA,NA,NA,NA,NA 
CT_5B_LONG,Quercus ilex ,A,20,20,NA,NA,NA,NA,NA,NA,NA,NA,NA 
CT_5B_LONG,Quercus ilex ,A,7.3,7.3,NA,NA,NA,NA,NA,NA,NA,NA,NA 
CT_5B_LONG,Quercus ilex ,A,15.2,15.2,NA,NA,NA,NA,NA,NA,NA,NA,NA 
CT_5B_LONG,Quercus ilex ,A,23.3,23.3,NA,NA,NA,NA,NA,NA,NA,NA,NA 
CT_5B_LONG,Quercus ilex ,A,20.3,20.3,NA,NA,NA,NA,NA,NA,NA,NA,NA 
CT_5B_LONG,Quercus ilex ,A,17.1,17.1,NA,NA,NA,NA,NA,NA,NA,NA,NA 
CT_5B_LONG,Quercus ilex ,A,21.6,21.6,NA,NA,NA,NA,NA,NA,NA,NA,NA 
CT_5B_LONG,Quercus ilex ,A,19.8,19.8,NA,NA,NA,NA,NA,NA,NA,NA,NA 
CT_5B_LONG,Quercus ilex ,A,17.9,17.9,NA,NA,NA,NA,NA,NA,NA,NA,NA 
CT_5B_LONG,Quercus ilex ,A,9.7,9.7,NA,NA,NA,NA,NA,NA,NA,NA,NA 
CT_5B_LONG,Quercus ilex ,A,18.9,18.9,NA,NA,NA,NA,NA,NA,NA,NA,NA 
CT_5B_LONG,Quercus ilex ,A,10.9,10.9,NA,NA,NA,NA,NA,NA,NA,NA,NA 
CT_5B_LONG,Quercus ilex ,A,19.6,19.6,NA,NA,NA,NA,NA,NA,NA,NA,NA 
CT_5B_LONG,Quercus ilex ,A,22.8,14,8.8,NA,NA,NA,NA,NA,NA,2 stems,NA 
CT_5B_LONG,Quercus ilex ,A,19,19,NA,NA,NA,NA,NA,NA,NA,NA,NA 
CT_5B_LONG,Quercus ilex ,A,17.8,17.8,NA,NA,NA,NA,NA,NA,NA,NA,NA 
CT_6_LONG,Quercus ilex ,A,14,14,NA,NA,NA,NA,NA,NA,NA,NA,NA 
CT_6_LONG,Quercus ilex ,A,11.6,11.6,NA,NA,NA,NA,NA,NA,NA,NA,NA 
CT_6_LONG,Quercus ilex ,A,11.3,11.3,NA,NA,NA,NA,NA,NA,NA,NA,NA 
CT_6_LONG,Quercus ilex ,A,10.3,10.3,NA,NA,NA,NA,NA,NA,NA,NA,NA 
CT_6_LONG,Quercus ilex ,A,11.1,11.1,NA,NA,NA,NA,NA,NA,NA,NA,NA 
CT_6_LONG,Quercus ilex ,A,11.9,11.9,NA,NA,NA,NA,NA,NA,NA,NA,NA 
CT_6_LONG,Quercus ilex ,A,12,12,NA,NA,NA,NA,NA,NA,NA,NA,NA 
CT_6_LONG,Quercus ilex ,A,11.4,11.4,NA,NA,NA,NA,NA,NA,NA,NA,NA 
CT_6_LONG,Quercus ilex ,A,11.5,11.5,NA,NA,NA,NA,NA,NA,NA,NA,NA 
CT_6_LONG,Quercus ilex ,A,17.7,17.7,NA,NA,NA,NA,NA,NA,NA,NA,NA 
CT_6_LONG,Quercus ilex ,A,11.6,11.6,NA,NA,NA,NA,NA,NA,NA,NA,NA 
CT_6_LONG,Quercus ilex ,A,12.9,12.9,NA,NA,NA,NA,NA,NA,NA,NA,NA 
CT_6_LONG,Quercus ilex ,A,11.6,11.6,NA,NA,NA,NA,NA,NA,NA,NA,NA 
CT_6_LONG,Quercus ilex ,A,19.9,19.9,NA,NA,NA,NA,NA,NA,NA,NA,NA 
CT_6_LONG,Quercus ilex ,D,13.4,13.4,NA,NA,NA,NA,NA,NA,NA,NA,NA 
CT_6_LONG,Quercus ilex ,A,9,9,NA,NA,NA,NA,NA,NA,NA,NA,NA 
CT_6_LONG,Quercus ilex ,A,7.9,7.9,NA,NA,NA,NA,NA,NA,NA,NA,NA 
CT_6_LONG,Quercus ilex ,A,8.5,8.5,NA,NA,NA,NA,NA,NA,NA,NA,NA 
CT_6_LONG,Quercus ilex ,A,15.9,15.9,NA,NA,NA,NA,NA,NA,NA,NA,NA 
CT_6_LONG,Quercus ilex ,A,16.5,16.5,NA,NA,NA,NA,NA,NA,NA,NA,NA 
CT_6_LONG,Quercus ilex ,A,10.3,10.3,NA,NA,NA,NA,NA,NA,NA,NA,NA 
CT_6_LONG,Quercus ilex ,A,15.3,15.3,NA,NA,NA,NA,NA,NA,NA,NA,NA 
CT_6_LONG,Quercus ilex ,A,20.2,20.2,NA,NA,NA,NA,NA,NA,NA,NA,NA 
CT_6_LONG,Quercus ilex ,A,7.5,7.5,NA,NA,NA,NA,NA,NA,NA,NA,NA 
CT_6_LONG,Quercus ilex ,A,9.4,9.4,NA,NA,NA,NA,NA,NA,NA,NA,NA 
CT_6_LONG,Quercus ilex ,A,15.7,15.7,NA,NA,NA,NA,NA,NA,NA,NA,NA 
CT_6_LONG,Quercus ilex ,A,16.4,16.4,NA,NA,NA,NA,NA,NA,NA,NA,NA 
CT_6_LONG,Quercus ilex ,A,10.4,10.4,NA,NA,NA,NA,NA,NA,NA,NA,NA 
CT_6_LONG,Quercus ilex ,A,21.5,21.5,NA,NA,NA,NA,NA,NA,NA,NA,NA 
CT_6_LONG,Quercus ilex ,A,17.6,17.6,NA,NA,NA,NA,NA,NA,NA,NA,NA 
CT_6_LONG,Quercus ilex ,A,12.8,12.8,NA,NA,NA,NA,NA,NA,NA,NA,NA 
CT_6_LONG,Quercus ilex ,A,11.6,11.6,NA,NA,NA,NA,NA,NA,NA,NA,NA 
CT_6_LONG,Quercus ilex ,A,20.4,20.4,NA,NA,NA,NA,NA,NA,NA,NA,NA 
CT_6_LONG,Quercus ilex ,A,17.3,17.3,NA,NA,NA,NA,NA,NA,NA,NA,NA 
CT_6_LONG,Quercus ilex ,A,17.4,17.4,NA,NA,NA,NA,NA,NA,NA,NA,NA 
CT_6_LONG,Quercus ilex ,A,13.3,13.3,NA,NA,NA,NA,NA,NA,NA,NA,NA 
CT_6_LONG,Quercus ilex ,A,10.5,10.5,NA,NA,NA,NA,NA,NA,NA,NA,NA 
CT_6_LONG,Quercus ilex ,A,11.4,11.4,NA,NA,NA,NA,NA,NA,NA,NA,NA 
CT_6_LONG,Quercus ilex ,A,9.5,9.5,NA,NA,NA,NA,NA,NA,NA,NA,NA 
CT_6_LONG,Quercus ilex ,A,16.4,16.4,NA,NA,NA,NA,NA,NA,NA,NA,NA 
CT_6_PAST,Quercus ilex ,A,9.5,9.5,NA,NA,NA,NA,NA,NA,NA,NA,NA 
CT_6_PAST,Quercus ilex ,A,17.4,17.4,NA,NA,NA,NA,NA,NA,NA,NA,NA 
CT_6_PAST,Quercus ilex ,A,12.2,12.2,NA,NA,NA,NA,NA,NA,NA,NA,NA 
CT_6_PAST,Quercus ilex ,A,9.9,9.9,NA,NA,NA,NA,NA,NA,NA,NA,NA 
CT_6_PAST,Quercus ilex ,A,8.3,8.3,NA,NA,NA,NA,NA,NA,NA,NA,NA 
CT_6_PAST,Quercus ilex ,A,11.2,11.2,NA,NA,NA,NA,NA,NA,NA,NA,NA 
CT_6_PAST,Quercus ilex ,A,8.1,8.1,NA,NA,NA,NA,NA,NA,NA,NA,NA 
CT_6_PAST,Quercus ilex ,A,11,11,NA,NA,NA,NA,NA,NA,NA,NA,NA 
CT_6_PAST,Quercus ilex ,A,14,14,NA,NA,NA,NA,NA,NA,NA,NA,NA 
CT_6_PAST,Quercus ilex ,A,13.4,13.4,NA,NA,NA,NA,NA,NA,NA,NA,NA 
CT_6_PAST,Quercus ilex ,A,15.8,15.8,NA,NA,NA,NA,NA,NA,NA,NA,NA 
CT_6_PAST,Quercus ilex ,A,13.9,13.9,NA,NA,NA,NA,NA,NA,NA,NA,NA 
CT_6_PAST,Quercus ilex ,A,17.2,17.2,NA,NA,NA,NA,NA,NA,NA,NA,NA 
CT_6_PAST,Quercus ilex ,A,22.2,22.2,NA,NA,NA,NA,NA,NA,NA,NA,NA 
CT_6_PAST,Quercus ilex ,A,14,14,NA,NA,NA,NA,NA,NA,NA,NA,NA 
CT_6_PAST,Quercus ilex ,D,13.9,13.9,NA,NA,NA,NA,NA,NA,NA,NA,NA 
CT_6_PAST,Quercus ilex ,D,10.1,10.1,NA,NA,NA,NA,NA,NA,NA,NA,NA 
CT_6_PAST,Quercus ilex ,A,25.5,25.5,NA,NA,NA,NA,NA,NA,NA,NA,NA 
CT_6_PAST,Quercus ilex ,D,10.2,10.2,NA,NA,NA,NA,NA,NA,NA,NA,NA 
CT_6_PAST,Quercus ilex ,A,21.8,21.8,NA,NA,NA,NA,NA,NA,NA,NA,NA 
CT_6_PAST,Quercus ilex ,A,8.9,8.9,NA,NA,NA,NA,NA,NA,NA,NA,NA 
CT_6_PAST,Quercus ilex ,A,21,21,NA,NA,NA,NA,NA,NA,NA,NA,NA 
CT_6_PAST,Quercus ilex ,A,14.85,14.85,NA,NA,NA,NA,NA,NA,NA,NA,NA 
CT_6_PAST,Quercus ilex ,A,11.3,11.3,NA,NA,NA,NA,NA,NA,NA,NA,NA 
CT_6_PAST,Ulmus ?,A,8.7,8.7,NA,NA,NA,NA,NA,NA,NA,NA,NA 
CT_6_PAST,Quercus ilex ,A,29.7,17.3,12.4,NA,NA,NA,NA,NA,NA,2 stems,NA 
CT_6_PAST,Quercus ilex ,A,16.4,16.4,NA,NA,NA,NA,NA,NA,NA,NA ,NA 
CT_6_PAST,Quercus ilex ,A,18.8,18.8,NA,NA,NA,NA,NA,NA,NA,NA ,NA 
CT_6_PAST,Quercus ilex ,A,30.1,30.1,NA,NA,NA,NA,NA,NA,NA,NA ,NA 
CT_6_PAST,Ulmus ?,A,9.8,9.8,NA,NA,NA,NA,NA,NA,NA,NA ,NA 
CT_6_PAST,Quercus ilex ,A,20.5,20.5,NA,NA,NA,NA,NA,NA,NA,NA ,NA 
CT_6_PAST,Quercus ilex ,A,14.7,14.7,NA,NA,NA,NA,NA,NA,NA,NA ,NA 
CT_6_PAST,Quercus ilex ,A,13.2,13.2,NA,NA,NA,NA,NA,NA,NA,NA ,NA 
CT_6_PAST,Quercus ilex ,A,7.5,7.5,NA,NA,NA,NA,NA,NA,NA,NA ,NA 
CT_6_PAST,Quercus ilex ,A,31.5,31.5,NA,NA,NA,NA,NA,NA,NA,NA ,NA 
CT_6_PAST,Quercus ilex ,A,14.3,14.3,NA,NA,NA,NA,NA,NA,NA,NA ,NA 
CT_6_PAST,Quercus ilex ,A,14.4,14.4,NA,NA,NA,NA,NA,NA,NA,NA ,NA 
CT_6_PAST,Quercus ilex ,A,16.5,16.5,NA,NA,NA,NA,NA,NA,NA,NA ,NA 
CT_6_PAST,Quercus ilex ,A,12.7,12.7,NA,NA,NA,NA,NA,NA,NA,NA ,NA 
CT_6_PAST,Quercus ilex ,A,14.8,14.8,NA,NA,NA,NA,NA,NA,NA,NA ,NA 
CT_6_PAST,Quercus ilex ,A,14.8,14.8,NA,NA,NA,NA,NA,NA,NA,NA ,NA 
CT_6_PAST,Quercus ilex ,A,9,9,NA,NA,NA,NA,NA,NA,NA,NA ,NA 
CT_6_PAST,Quercus ilex ,A,24.8,24.8,NA,NA,NA,NA,NA,NA,NA,NA ,NA 
CT_6_PAST,Quercus ilex ,A,9,9,NA,NA,NA,NA,NA,NA,NA,NA ,NA 
CT_6_PAST,Quercus ilex ,A,24.6,24.6,NA,NA,NA,NA,NA,NA,NA,NA ,NA 
CT_6_PAST,Quercus ilex ,A,14.4,14.4,NA,NA,NA,NA,NA,NA,NA,NA ,NA 
CT_6_PAST,Quercus ilex ,A,9.8,9.8,NA,NA,NA,NA,NA,NA,NA,NA ,NA 
CT_6_PAST,Quercus ilex ,A,13.4,13.4,NA,NA,NA,NA,NA,NA,NA,NA ,NA 
CT_6_PAST,Quercus ilex ,A,14.1,14.1,NA,NA,NA,NA,NA,NA,NA,NA ,NA 
CT_6_PAST,Quercus ilex ,A,9.6,9.6,NA,NA,NA,NA,NA,NA,NA,NA ,NA 
CT_6_PAST,Quercus ilex ,A,7.7,7.7,NA,NA,NA,NA,NA,NA,NA,NA ,NA 
CT_6_PAST,Quercus ilex ,A,11.3,11.3,NA,NA,NA,NA,NA,NA,NA,NA ,NA 
CT_6_PAST,Quercus ilex ,A,8.7,8.7,NA,NA,NA,NA,NA,NA,NA,NA ,NA 
CT_6_PAST,Quercus ilex ,A,9.2,9.2,NA,NA,NA,NA,NA,NA,NA,NA ,NA 
CT_6_PAST,Quercus ilex ,A,9.3,9.3,NA,NA,NA,NA,NA,NA,NA,NA ,NA 
CT_9_LONG,Quercus ilex ,A,70.4,23.3,22.3,24.8,NA,NA,NA,NA,NA,3 stems,NA 
CT_9_LONG,Quercus ilex ,A,16.9,16.9,NA,NA,NA,NA,NA,NA,NA,NA ,NA 
CT_9_LONG,Quercus ilex ,A,41.2,15.2,26,NA,NA,NA,NA,NA,NA,2 stems,NA 
CT_9_LONG,Quercus ilex ,A,13.9,13.9,NA,NA,NA,NA,NA,NA,NA,NA ,NA 
CT_9_LONG,Quercus ilex ,A,32.5,32.5,NA,NA,NA,NA,NA,NA,NA,NA ,NA 
CT_9_LONG,Quercus ilex ,A,19.9,8.1,11.8,NA,NA,NA,NA,NA,NA,2 stems,NA 
CT_9_LONG,Quercus ilex ,A,40.6,22.8,17.8,NA,NA,NA,NA,NA,NA,2 stems,NA 
CT_9_LONG,Quercus ilex ,A,29.2,17,12.2,NA,NA,NA,NA,NA,NA,2 stems,NA 
CT_9_LONG,Quercus ilex ,A,31.1,13.8,9.1,8.2,NA,NA,NA,NA,NA,3 stems,NA 
CT_9_LONG,Quercus ilex ,A,8.5,8.5,NA,NA,NA,NA,NA,NA,NA,NA ,NA 
CT_9_LONG,Quercus ilex ,A,17.6,17.6,NA,NA,NA,NA,NA,NA,NA,NA ,NA 
CT_9_LONG,Quercus ilex ,A,8.4,8.4,NA,NA,NA,NA,NA,NA,NA,NA ,NA 
CT_9_LONG,Quercus ilex ,A,10.1,10.1,NA,NA,NA,NA,NA,NA,NA,NA ,NA 
CT_9_LONG,Quercus ilex ,A,8.11,8.11,NA,NA,NA,NA,NA,NA,NA,NA ,NA 
CT_9_LONG,Quercus ilex ,A,8.6,8.6,NA,NA,NA,NA,NA,NA,NA,NA ,NA 
CT_9_LONG,Quercus ilex ,A,23.7,23.7,NA,NA,NA,NA,NA,NA,NA,NA ,NA 
CT_9_LONG,Quercus ilex ,A,17.9,17.9,NA,NA,NA,NA,NA,NA,NA,NA ,NA 
CT_9_LONG,Quercus ilex ,A,18.3,18.3,NA,NA,NA,NA,NA,NA,NA,NA ,NA 
CT_9_LONG,Quercus ilex ,A,16.6,16.6,NA,NA,NA,NA,NA,NA,NA,NA ,NA 
CT_9_LONG,Quercus ilex ,A,12.9,12.9,NA,NA,NA,NA,NA,NA,NA,NA ,NA 
CT_9_LONG,Quercus ilex ,A,10.6,10.6,NA,NA,NA,NA,NA,NA,NA,NA ,NA 
CT_9_LONG,Quercus ilex ,A,14.6,14.6,NA,NA,NA,NA,NA,NA,NA,NA ,NA 
CT_9_LONG,Quercus ilex ,A,39.7,11.1,14.3,14.3,NA,NA,NA,NA,NA,3 stems,NA 
CT_9_LONG,Quercus ilex ,A,12.2,12.2,NA,NA,NA,NA,NA,NA,NA,NA ,NA 
CT_9_LONG,Quercus ilex ,A,14.7,14.7,NA,NA,NA,NA,NA,NA,NA,NA ,NA 
CT_9_LONG,Quercus ilex ,A,8.3,8.3,NA,NA,NA,NA,NA,NA,NA,NA ,NA 
CT_9_LONG,Quercus ilex ,A,9.8,9.8,NA,NA,NA,NA,NA,NA,NA,NA ,NA 
CT_9_LONG,Quercus ilex ,A,11.8,11.8,NA,NA,NA,NA,NA,NA,NA,NA ,NA 
CT_9_LONG,Quercus ilex ,A,50.1,24.3,25.8,NA,NA,NA,NA,NA,NA,2 stems,NA 
CT_9_LONG,Quercus ilex ,A,28.6,28.6,NA,NA,NA,NA,NA,NA,NA,NA ,NA 
CT_9_LONG,Quercus ilex ,A,12,12,NA,NA,NA,NA,NA,NA,NA,NA ,NA 
SET_6A_PAST,Pinus uncinata,A,15,15,NA,NA,NA,NA,NA,NA,NA,NA ,NA 
SET_6A_PAST,Pinus uncinata,A,27.1,27.1,NA,NA,NA,NA,NA,NA,NA,NA ,NA 
SET_6A_PAST,Pinus uncinata,A,21,21,NA,NA,NA,NA,NA,NA,NA,NA ,NA 
SET_6A_PAST,Pinus uncinata,A,21.8,21.8,NA,NA,NA,NA,NA,NA,NA,NA ,NA 
SET_6A_PAST,Pinus uncinata,A,14.1,14.1,NA,NA,NA,NA,NA,NA,NA,NA ,NA 
SET_6A_PAST,Pinus uncinata,A,13.9,13.9,NA,NA,NA,NA,NA,NA,NA,NA ,NA 
SET_6A_PAST,Pinus uncinata,D,14.6,14.6,NA,NA,NA,NA,NA,NA,NA,same stem,NA 
SET_6A_PAST,Pinus uncinata,A,10.2,10.2,NA,NA,NA,NA,NA,NA,NA,same stem,NA 
SET_6A_PAST,Pinus uncinata,D,17.9,17.9,NA,NA,NA,NA,NA,NA,NA,NA ,NA 
SET_6A_PAST,Pinus uncinata,D,16.3,16.3,NA,NA,NA,NA,NA,NA,NA,NA ,NA 
SET_6A_PAST,Pinus uncinata,D,21.6,21.6,NA,NA,NA,NA,NA,NA,NA,NA ,NA 
SET_6A_PAST,Pinus uncinata,D,16.3,16.3,NA,NA,NA,NA,NA,NA,NA,NA ,NA 
SET_6A_PAST,Pinus uncinata,D,12.7,12.7,NA,NA,NA,NA,NA,NA,NA,NA ,NA 
SET_6A_PAST,Pinus uncinata,D,15.3,15.3,NA,NA,NA,NA,NA,NA,NA,NA ,NA 
SET_6A_PAST,Pinus uncinata,D,15.4,15.4,NA,NA,NA,NA,NA,NA,NA,NA ,NA 
SET_6A_PAST,Pinus uncinata,D,12,12,NA,NA,NA,NA,NA,NA,NA,NA ,NA 
SET_6A_PAST,Pinus uncinata,A,17.6,17.6,NA,NA,NA,NA,NA,NA,NA,NA ,NA 
SET_6A_PAST,Pinus uncinata,D,16.1,16.1,NA,NA,NA,NA,NA,NA,NA,NA ,NA 
SET_6A_PAST,Pinus uncinata,D,17.6,17.6,NA,NA,NA,NA,NA,NA,NA,NA ,NA 
SET_6A_PAST,Pinus uncinata,D,17.2,17.2,NA,NA,NA,NA,NA,NA,NA,NA ,NA 
SET_6A_PAST,Pinus uncinata,A,18.9,18.9,NA,NA,NA,NA,NA,NA,NA,NA ,NA 
SET_6A_PAST,Pinus uncinata,D,15.2,15.2,NA,NA,NA,NA,NA,NA,NA,NA ,NA 
SET_6A_PAST,Pinus uncinata,A,28.4,28.4,NA,NA,NA,NA,NA,NA,NA,NA ,NA 
SET_6A_PAST,Pinus uncinata,D,23.2,23.2,NA,NA,NA,NA,NA,NA,NA,NA ,NA 
SET_6A_PAST,Pinus uncinata,D,17.9,17.9,NA,NA,NA,NA,NA,NA,NA,NA ,NA 
SET_6A_PAST,Pinus uncinata,A,21.8,21.8,NA,NA,NA,NA,NA,NA,NA,NA ,NA 
SET_6A_PAST,Pinus uncinata,A,14.3,14.3,NA,NA,NA,NA,NA,NA,NA,NA ,NA 
SET_6A_PAST,Pinus uncinata,D,15.4,15.4,NA,NA,NA,NA,NA,NA,NA,NA ,NA 
SET_6A_PAST,Pinus uncinata,D,15.8,15.8,NA,NA,NA,NA,NA,NA,NA,NA ,NA 
SET_6A_PAST,Pinus uncinata,D,16.6,16.6,NA,NA,NA,NA,NA,NA,NA,NA ,NA 
SET_6A_PAST,Pinus uncinata,D,15.5,15.5,NA,NA,NA,NA,NA,NA,NA,NA ,NA 
SET_6A_PAST,Pinus uncinata,D,9.2,9.2,NA,NA,NA,NA,NA,NA,NA,NA ,NA 
SET_6A_PAST,Pinus uncinata,D,11.4,11.4,NA,NA,NA,NA,NA,NA,NA,NA ,NA 
SET_6A_PAST,Pinus uncinata,D,18,18,NA,NA,NA,NA,NA,NA,NA,NA ,NA 
SET_6A_PAST,Pinus uncinata,D,19.1,19.1,NA,NA,NA,NA,NA,NA,NA,NA ,NA 
SET_6A_PAST,Pinus uncinata,A,14,14,NA,NA,NA,NA,NA,NA,NA,NA ,NA 
SET_6A_PAST,Pinus uncinata,D,15.5,15.5,NA,NA,NA,NA,NA,NA,NA,NA ,NA 
SET_6A_PAST,Pinus uncinata,D,19,19,NA,NA,NA,NA,NA,NA,NA,NA ,NA 
SET_6A_PAST,Pinus uncinata,A,18,18,NA,NA,NA,NA,NA,NA,NA,NA ,NA 
SET_6A_PAST,Pinus uncinata,D,10.2,10.2,NA,NA,NA,NA,NA,NA,NA,NA ,NA 
SET_6A_PAST,Pinus uncinata,A,13.6,13.6,NA,NA,NA,NA,NA,NA,NA,NA ,NA 
SET_6A_PAST,Pinus uncinata,D,16.1,16.1,NA,NA,NA,NA,NA,NA,NA,NA ,NA 
SET_6A_PAST,Pinus uncinata,A,21.7,21.7,NA,NA,NA,NA,NA,NA,NA,NA ,NA 
SET_6A_PAST,Pinus uncinata,D,16.1,16.1,NA,NA,NA,NA,NA,NA,NA,NA ,NA 
SET_6A_PAST,Pinus uncinata,D,10.5,10.5,NA,NA,NA,NA,NA,NA,NA,NA ,NA 
SET_6A_PAST,Pinus uncinata,A,29,29,NA,NA,NA,NA,NA,NA,NA,NA ,NA 
SET_6A_PAST,Pinus uncinata,A,43.4,22.9,20.5,NA,NA,NA,NA,NA,NA,2 stems,NA 
SET_6A_PAST,Pinus uncinata,A,21.9,21.9,NA,NA,NA,NA,NA,NA,NA,NA ,NA 
SET_6A_PAST,Pinus uncinata,A,19.2,19.2,NA,NA,NA,NA,NA,NA,NA,NA ,NA 
SET_6A_PAST,Pinus uncinata,A,13.2,13.2,NA,NA,NA,NA,NA,NA,NA,NA ,NA 
SET_6A_PAST,Pinus uncinata,A,18.2,18.2,NA,NA,NA,NA,NA,NA,NA,NA ,NA 
SET_6A_PAST,Pinus uncinata,A,20.2,20.2,NA,NA,NA,NA,NA,NA,NA,NA ,NA 
SET_6A_PAST,Pinus uncinata,A,22.8,22.8,NA,NA,NA,NA,NA,NA,NA,NA ,NA 
SET_6A_PAST,Pinus uncinata,A,14.2,14.2,NA,NA,NA,NA,NA,NA,NA,NA ,NA 
SET_6A_PAST,Pinus uncinata,A,34.3,34.3,NA,NA,NA,NA,NA,NA,NA,NA ,NA 
SET_6A_PAST,Pinus uncinata,A,14.1,14.1,NA,NA,NA,NA,NA,NA,NA,NA ,NA 
SET_6A_PAST,Pinus uncinata,A,23.7,23.7,NA,NA,NA,NA,NA,NA,NA,NA ,NA 
SET_6A_PAST,Pinus uncinata,A,11,11,NA,NA,NA,NA,NA,NA,NA,NA ,NA 
SET_6A_PAST,Pinus uncinata,D,12,12,NA,NA,NA,NA,NA,NA,NA,NA ,NA 
SET_6A_PAST,Pinus uncinata,A,28.7,28.7,NA,NA,NA,NA,NA,NA,NA,NA ,NA 
SET_6A_PAST,Pinus uncinata,D,21.8,21.8,NA,NA,NA,NA,NA,NA,NA,same stem,NA 
SET_6A_PAST,Pinus uncinata,A,16.2,16.2,NA,NA,NA,NA,NA,NA,NA,same stem,NA 
SET_6A_PAST,Pinus uncinata,A,27.1,27.1,NA,NA,NA,NA,NA,NA,NA,NA ,NA 
SET_6A_PAST,Pinus uncinata,A,17.8,17.8,NA,NA,NA,NA,NA,NA,NA,NA ,NA 
SET_6A_PAST,Pinus uncinata,A,26.4,26.4,NA,NA,NA,NA,NA,NA,NA,NA ,NA 
SET_6A_PAST,Pinus uncinata,A,21.2,21.2,NA,NA,NA,NA,NA,NA,NA,NA ,NA 
SET_6A_PAST,Pinus uncinata,A,9.1,9.1,NA,NA,NA,NA,NA,NA,NA,NA ,NA 
SET_6A_PAST,Pinus uncinata,A,16.3,16.3,NA,NA,NA,NA,NA,NA,NA,NA ,NA 
SET_6A_PAST,Pinus uncinata,A,21.1,21.1,NA,NA,NA,NA,NA,NA,NA,NA ,NA 
SET_6A_PAST,Pinus uncinata,D,14.9,14.9,NA,NA,NA,NA,NA,NA,NA,NA ,NA 
SET_6A_PAST,Pinus uncinata,A,16.5,16.5,NA,NA,NA,NA,NA,NA,NA,NA ,NA 
SET_6A_PAST,Pinus uncinata,A,31,31,NA,NA,NA,NA,NA,NA,NA,NA ,NA 
SET_6A_PAST,Pinus uncinata,A,17.1,17.1,NA,NA,NA,NA,NA,NA,NA,NA ,NA 
SET_6A_PAST,Pinus uncinata,A,21.3,21.3,NA,NA,NA,NA,NA,NA,NA,NA ,NA 
SET_6A_PAST,Pinus uncinata,A,13.9,13.9,NA,NA,NA,NA,NA,NA,NA,NA ,NA 
SET_6A_PAST,Pinus uncinata,A,24,24,NA,NA,NA,NA,NA,NA,NA,NA ,NA 
SET_6A_PAST,Pinus uncinata,A,21.9,21.9,NA,NA,NA,NA,NA,NA,NA,NA ,NA 
SET_6A_PAST,Pinus uncinata,A,21,21,NA,NA,NA,NA,NA,NA,NA,NA ,NA 
SET_6A_PAST,Pinus uncinata,D,8.8,8.8,NA,NA,NA,NA,NA,NA,NA,same stem,NA 
SET_6A_PAST,Pinus uncinata,A,19.6,19.6,NA,NA,NA,NA,NA,NA,NA,same stem,NA 
SET_6A_PAST,Pinus uncinata,A,22.6,22.6,NA,NA,NA,NA,NA,NA,NA,NA ,NA 
SET_6A_PAST,Pinus uncinata,A,18.3,18.3,NA,NA,NA,NA,NA,NA,NA,NA ,NA 
SET_6A_PAST,Pinus uncinata,D,17.7,17.7,NA,NA,NA,NA,NA,NA,NA,NA ,NA 
SET_6A_PAST,Pinus uncinata,A,18.6,18.6,NA,NA,NA,NA,NA,NA,NA,NA ,NA 
SET_6A_PAST,Pinus uncinata,A,18.4,18.4,NA,NA,NA,NA,NA,NA,NA,NA ,NA 
SET_6A_PAST,Pinus uncinata,A,11.5,11.5,NA,NA,NA,NA,NA,NA,NA,NA ,NA 
SET_6A_PAST,Pinus uncinata,A,18.8,18.8,NA,NA,NA,NA,NA,NA,NA,NA ,NA 
SET_6A_PAST,Pinus uncinata,A,14.9,14.9,NA,NA,NA,NA,NA,NA,NA,NA ,NA 
SET_6A_PAST,Pinus uncinata,D,9.3,9.3,NA,NA,NA,NA,NA,NA,NA,NA ,NA 
SET_6A_PAST,Pinus uncinata,D,10.9,10.9,NA,NA,NA,NA,NA,NA,NA,NA ,NA 
SET_6A_PAST,Pinus uncinata,D,15.2,15.2,NA,NA,NA,NA,NA,NA,NA,NA ,NA 
SET_6A_PAST,Pinus uncinata,D,20.6,20.6,NA,NA,NA,NA,NA,NA,NA,NA ,NA 
SET_6A_PAST,Pinus uncinata,D,17.2,17.2,NA,NA,NA,NA,NA,NA,NA,NA ,NA 
SET_6A_PAST,Pinus uncinata,D,17.6,17.6,NA,NA,NA,NA,NA,NA,NA,NA ,NA 
SET_6A_PAST,Pinus uncinata,A,19.6,19.6,NA,NA,NA,NA,NA,NA,NA,NA ,NA 
SET_6A_PAST,Pinus uncinata,A,17.7,17.7,NA,NA,NA,NA,NA,NA,NA,NA ,NA 
SET_6A_PAST,Pinus uncinata,A,19.9,19.9,NA,NA,NA,NA,NA,NA,NA,NA ,NA 
SET_6A_PAST,Pinus uncinata,A,22.8,22.8,NA,NA,NA,NA,NA,NA,NA,NA ,NA 
SET_6A_PAST,Pinus uncinata,A,22.6,22.6,NA,NA,NA,NA,NA,NA,NA,NA ,NA 
SET_6A_PAST,Pinus uncinata,A,14.9,14.9,NA,NA,NA,NA,NA,NA,NA,NA ,NA 
SET_6A_PAST,Pinus uncinata,A,14,14,NA,NA,NA,NA,NA,NA,NA,NA ,NA 
SET_6A_PAST,Pinus uncinata,D,14.9,14.9,NA,NA,NA,NA,NA,NA,NA,NA ,NA 
SET_6A_PAST,Pinus uncinata,D,14.8,14.8,NA,NA,NA,NA,NA,NA,NA,NA ,NA 
SET_6A_PAST,Pinus uncinata,A,18.3,18.3,NA,NA,NA,NA,NA,NA,NA,NA ,NA 
SET_6A_PAST,Pinus uncinata,A,22.3,22.3,NA,NA,NA,NA,NA,NA,NA,NA ,NA 
SET_6A_PAST,Pinus uncinata,A,19.9,19.9,NA,NA,NA,NA,NA,NA,NA,NA ,NA 
SET_6A_PAST,Pinus uncinata,D,13.1,13.1,NA,NA,NA,NA,NA,NA,NA,NA ,NA 
SET_6A_PAST,Pinus uncinata,D,7.7,7.7,NA,NA,NA,NA,NA,NA,NA,NA ,NA 
SET_6A_PAST,Pinus uncinata,D,14,14,NA,NA,NA,NA,NA,NA,NA,NA ,NA 
SET_6A_PAST,Pinus uncinata,A,25.3,25.3,NA,NA,NA,NA,NA,NA,NA,NA ,NA 
SET_6A_PAST,Pinus uncinata,D,13,13,NA,NA,NA,NA,NA,NA,NA,NA ,NA 
SET_6A_PAST,Pinus uncinata,D,15,15,NA,NA,NA,NA,NA,NA,NA,NA ,NA 
SET_6A_PAST,Pinus uncinata,D,13.1,13.1,NA,NA,NA,NA,NA,NA,NA,NA ,NA 
SET_6A_PAST,Pinus uncinata,D,13.9,13.9,NA,NA,NA,NA,NA,NA,NA,NA ,NA 
SET_6A_PAST,Pinus uncinata,D,11.6,11.6,NA,NA,NA,NA,NA,NA,NA,NA ,NA 
SET_6A_PAST,Pinus uncinata,D,23.6,23.6,NA,NA,NA,NA,NA,NA,NA,NA ,NA 
SET_6A_PAST,Pinus uncinata,D,21.9,21.9,NA,NA,NA,NA,NA,NA,NA,NA ,NA 
SET_6A_PAST,Pinus uncinata,D,21.3,21.3,NA,NA,NA,NA,NA,NA,NA,NA ,NA 
SET_6A_PAST,Pinus uncinata,A,16.3,16.3,NA,NA,NA,NA,NA,NA,NA,NA ,NA 
SET_6A_PAST,Pinus uncinata,A,19.5,19.5,NA,NA,NA,NA,NA,NA,NA,NA ,NA 
SET_6A_PAST,Pinus uncinata,A,14.5,14.5,NA,NA,NA,NA,NA,NA,NA,NA ,NA 
SET_6A_PAST,Pinus uncinata,A,29.3,29.3,NA,NA,NA,NA,NA,NA,NA,NA ,NA 
SET_6A_PAST,Pinus uncinata,D,10,10,NA,NA,NA,NA,NA,NA,NA,NA ,NA 
SET_6A_PAST,Pinus uncinata,D,24.8,24.8,NA,NA,NA,NA,NA,NA,NA,NA ,NA 
SET_6A_PAST,Pinus uncinata,D,19.5,19.5,NA,NA,NA,NA,NA,NA,NA,NA ,NA 
SET_6A_PAST,Pinus uncinata,D,8,8,NA,NA,NA,NA,NA,NA,NA,NA ,NA 
SET_6A_PAST,Pinus uncinata,D,8,8,NA,NA,NA,NA,NA,NA,NA,NA ,NA 
SET_6A_PAST,Pinus uncinata,D,20.6,20.6,NA,NA,NA,NA,NA,NA,NA,NA ,NA 
SET_6A_PAST,Pinus uncinata,D,8.1,8.1,NA,NA,NA,NA,NA,NA,NA,NA ,NA 
SET_6A_PAST,Pinus uncinata,D,9.2,9.2,NA,NA,NA,NA,NA,NA,NA,NA ,NA 
SET_6A_PAST,Pinus uncinata,A,17.3,17.3,NA,NA,NA,NA,NA,NA,NA,NA ,NA 
SET_6A_PAST,Pinus uncinata,D,18,18,NA,NA,NA,NA,NA,NA,NA,NA ,NA 
SET_6A_PAST,Pinus uncinata,D,21.4,21.4,NA,NA,NA,NA,NA,NA,NA,NA ,NA 
SET_6A_PAST,Pinus uncinata,D,17.9,17.9,NA,NA,NA,NA,NA,NA,NA,NA ,NA 
SET_6A_PAST,Pinus uncinata,A,14.9,14.9,NA,NA,NA,NA,NA,NA,NA,NA ,NA 
SET_6A_PAST,Pinus uncinata,A,14.8,14.8,NA,NA,NA,NA,NA,NA,NA,NA ,NA 
SET_6A_PAST,Pinus uncinata,A,19.1,19.1,NA,NA,NA,NA,NA,NA,NA,NA ,NA 
SET_6A_PAST,Pinus uncinata,A,24.2,24.2,NA,NA,NA,NA,NA,NA,NA,NA ,NA 
SET_6A_PAST,Pinus uncinata,A,22.8,22.8,NA,NA,NA,NA,NA,NA,NA,NA ,NA 
SET_6A_PAST,Pinus uncinata,A,24.1,24.1,NA,NA,NA,NA,NA,NA,NA,NA ,NA 
SET_6A_PAST,Pinus uncinata,D,20.1,20.1,NA,NA,NA,NA,NA,NA,NA,NA ,NA 
SET_6A_PAST,Pinus uncinata,A,25.4,25.4,NA,NA,NA,NA,NA,NA,NA,NA ,NA 
SET_6A_PAST,Pinus uncinata,A,24.7,24.7,NA,NA,NA,NA,NA,NA,NA,NA ,NA 
SET_6A_PAST,Pinus uncinata,A,12.6,12.6,NA,NA,NA,NA,NA,NA,NA,NA ,NA 
SET_6A_PAST,Pinus uncinata,D,12.6,12.6,NA,NA,NA,NA,NA,NA,NA,NA ,NA 
SET_6A_PAST,Pinus uncinata,D,10.3,10.3,NA,NA,NA,NA,NA,NA,NA,NA ,NA 
SET_6A_PAST,Pinus uncinata,A,25.6,25.6,NA,NA,NA,NA,NA,NA,NA,NA ,NA 
SET_6A_PAST,Pinus uncinata,A,18.8,18.8,NA,NA,NA,NA,NA,NA,NA,NA ,NA 
SET_6A_PAST,Pinus uncinata,D,9.5,9.5,NA,NA,NA,NA,NA,NA,NA,NA ,NA 
SET_6A_PAST,Pinus uncinata,A,10,10,NA,NA,NA,NA,NA,NA,NA,NA ,NA 
SET_6A_PAST,Pinus uncinata,A,18.8,18.8,NA,NA,NA,NA,NA,NA,NA,NA ,NA 
SET_6A_PAST,Pinus uncinata,A,33.5,33.5,NA,NA,NA,NA,NA,NA,NA,NA ,NA 
SET_6A_PAST,Pinus uncinata,D,11.5,11.5,NA,NA,NA,NA,NA,NA,NA,NA ,NA 
SET_6A_PAST,Pinus uncinata,D,12.4,12.4,NA,NA,NA,NA,NA,NA,NA,NA ,NA 
SET_6A_PAST,Pinus uncinata,D,13.3,13.3,NA,NA,NA,NA,NA,NA,NA,NA ,NA 
SET_6A_PAST,Pinus uncinata,A,12.8,12.8,NA,NA,NA,NA,NA,NA,NA,NA ,NA 
SET_6A_PAST,Pinus uncinata,D,14,14,NA,NA,NA,NA,NA,NA,NA,NA ,NA 
SET_6A_PAST,Pinus uncinata,D,14.2,14.2,NA,NA,NA,NA,NA,NA,NA,NA ,NA 
SET_6A_PAST,Pinus uncinata,A,24.2,24.2,NA,NA,NA,NA,NA,NA,NA,NA ,NA 
SET_6A_PAST,Pinus uncinata,A,24.2,24.2,NA,NA,NA,NA,NA,NA,NA,NA ,NA 
SET_6A_PAST,Pinus uncinata,D,10.2,10.2,NA,NA,NA,NA,NA,NA,NA,NA ,NA 
SET_6A_PAST,Pinus uncinata,A,23,23,NA,NA,NA,NA,NA,NA,NA,NA ,NA 
SET_6A_PAST,Pinus uncinata,A,9.2,9.2,NA,NA,NA,NA,NA,NA,NA,NA ,NA 
SET_6A_PAST,Pinus uncinata,A,12.9,12.9,NA,NA,NA,NA,NA,NA,NA,NA ,NA 
SET_6A_PAST,Pinus uncinata,A,20,20,NA,NA,NA,NA,NA,NA,NA,NA ,NA 
SET_6A_PAST,Pinus uncinata,A,26.4,26.4,NA,NA,NA,NA,NA,NA,NA,NA ,NA 
SET_6A_PAST,Pinus uncinata,A,27.1,27.1,NA,NA,NA,NA,NA,NA,NA,NA ,NA 
SET_6A_PAST,Pinus uncinata,A,22.9,22.9,NA,NA,NA,NA,NA,NA,NA,NA ,NA 
SET_6A_PAST,Pinus uncinata,A,15.5,15.5,NA,NA,NA,NA,NA,NA,NA,NA ,NA 
SET_6A_PAST,Pinus uncinata,D,9.5,9.5,NA,NA,NA,NA,NA,NA,NA,NA ,NA 
SET_6A_PAST,Pinus uncinata,A,26.6,26.6,NA,NA,NA,NA,NA,NA,NA,NA ,NA 
SET_6A_PAST,Pinus uncinata,D,11.5,11.5,NA,NA,NA,NA,NA,NA,NA,NA ,NA 
SET_6A_PAST,Pinus uncinata,D,15.5,15.5,NA,NA,NA,NA,NA,NA,NA,NA ,NA 
SET_6A_PAST,Pinus uncinata,A,14.8,14.8,NA,NA,NA,NA,NA,NA,NA,NA ,NA 
SET_6A_PAST,Pinus uncinata,A,14.9,14.9,NA,NA,NA,NA,NA,NA,NA,NA ,NA 
SET_6A_PAST,Pinus uncinata,A,11.4,11.4,NA,NA,NA,NA,NA,NA,NA,NA ,NA 
SET_6A_PAST,Pinus uncinata,A,18.9,18.9,NA,NA,NA,NA,NA,NA,NA,NA ,NA 
SET_6A_PAST,Pinus uncinata,D,10.5,10.5,NA,NA,NA,NA,NA,NA,NA,NA ,NA 
SET_6A_PAST,Pinus uncinata,D,9.1,9.1,NA,NA,NA,NA,NA,NA,NA,NA ,NA 
SET_6A_PAST,Pinus uncinata,D,8.8,8.8,NA,NA,NA,NA,NA,NA,NA,NA ,NA 
SET_6A_PAST,Pinus uncinata,A,16.3,16.3,NA,NA,NA,NA,NA,NA,NA,NA ,NA 
SET_6A_PAST,Pinus uncinata,A,23.2,23.2,NA,NA,NA,NA,NA,NA,NA,NA ,NA 
SET_6A_PAST,Pinus uncinata,A,21.8,21.8,NA,NA,NA,NA,NA,NA,NA,NA ,NA 
SET_6B_PAST,Pinus uncinata,D,9.3,9.3,NA,NA,NA,NA,NA,NA,NA,NA ,NA 
SET_6B_PAST,Pinus uncinata,D,16.4,16.4,NA,NA,NA,NA,NA,NA,NA,NA ,NA 
SET_6B_PAST,Pinus uncinata,A,21.3,21.3,NA,NA,NA,NA,NA,NA,NA,NA ,NA 
SET_6B_PAST,Pinus uncinata,A,18.7,18.7,NA,NA,NA,NA,NA,NA,NA,NA ,NA 
SET_6B_PAST,Pinus uncinata,D,17.5,17.5,NA,NA,NA,NA,NA,NA,NA,NA ,NA 
SET_6B_PAST,Pinus uncinata,A,24.1,24.1,NA,NA,NA,NA,NA,NA,NA,NA ,NA 
SET_6B_PAST,Pinus uncinata,D,13.3,13.3,NA,NA,NA,NA,NA,NA,NA,NA ,NA 
SET_6B_PAST,Pinus uncinata,A,16.6,16.6,NA,NA,NA,NA,NA,NA,NA,NA ,NA 
SET_6B_PAST,Pinus uncinata,A,11.3,11.3,NA,NA,NA,NA,NA,NA,NA,NA ,NA 
SET_6B_PAST,Pinus uncinata,A,22.4,22.4,NA,NA,NA,NA,NA,NA,NA,NA ,NA 
SET_6B_PAST,Pinus uncinata,D,18.6,18.6,NA,NA,NA,NA,NA,NA,NA,NA ,NA 
SET_6B_PAST,Pinus uncinata,A,17.5,17.5,NA,NA,NA,NA,NA,NA,NA,NA ,NA 
SET_6B_PAST,Pinus uncinata,D,17.6,17.6,NA,NA,NA,NA,NA,NA,NA,NA ,NA 
SET_6B_PAST,Pinus uncinata,D,12.7,12.7,NA,NA,NA,NA,NA,NA,NA,NA ,NA 
SET_6B_PAST,Pinus uncinata,D,11.9,11.9,NA,NA,NA,NA,NA,NA,NA,NA ,NA 
SET_6B_PAST,Pinus uncinata,D,9.8,9.8,NA,NA,NA,NA,NA,NA,NA,NA ,NA 
SET_6B_PAST,Pinus uncinata,A,21.6,21.6,NA,NA,NA,NA,NA,NA,NA,NA ,NA 
SET_6B_PAST,Pinus uncinata,A,10.8,10.8,NA,NA,NA,NA,NA,NA,NA,NA ,NA 
SET_6B_PAST,Pinus uncinata,D,22.8,22.8,NA,NA,NA,NA,NA,NA,NA,NA ,NA 
SET_6B_PAST,Pinus uncinata,A,24.3,24.3,NA,NA,NA,NA,NA,NA,NA,NA ,NA 
SET_6B_PAST,Pinus uncinata,A,19,19,NA,NA,NA,NA,NA,NA,NA,NA ,NA 
SET_6B_PAST,Pinus uncinata,D,14.9,14.9,NA,NA,NA,NA,NA,NA,NA,NA ,NA 
SET_6B_PAST,Pinus uncinata,A,34.4,34.4,NA,NA,NA,NA,NA,NA,NA,NA ,NA 
SET_6B_PAST,Pinus uncinata,D,23.2,23.2,NA,NA,NA,NA,NA,NA,NA,NA ,NA 
SET_6B_PAST,Pinus uncinata,D,7.6,7.6,NA,NA,NA,NA,NA,NA,NA,NA ,NA 
SET_6B_PAST,Pinus uncinata,A,25.7,25.7,NA,NA,NA,NA,NA,NA,NA,NA ,NA 
SET_6B_PAST,Pinus uncinata,A,14.7,14.7,NA,NA,NA,NA,NA,NA,NA,NA ,NA 
SET_6B_PAST,Pinus uncinata,A,32.4,32.4,NA,NA,NA,NA,NA,NA,NA,NA ,NA 
SET_6B_PAST,Pinus uncinata,A,14.7,14.7,NA,NA,NA,NA,NA,NA,NA,NA ,NA 
SET_6B_PAST,Pinus uncinata,D,8.7,8.7,NA,NA,NA,NA,NA,NA,NA,NA ,NA 
SET_6B_PAST,Pinus uncinata,D,10.9,10.9,NA,NA,NA,NA,NA,NA,NA,NA ,NA 
SET_6B_PAST,Pinus uncinata,A,11.7,11.7,NA,NA,NA,NA,NA,NA,NA,NA ,NA 
SET_6B_PAST,Pinus uncinata,A,33.8,33.8,NA,NA,NA,NA,NA,NA,NA,NA ,NA 
SET_6B_PAST,Pinus uncinata,D,17.2,17.2,NA,NA,NA,NA,NA,NA,NA,NA ,NA 
SET_6B_PAST,Pinus uncinata,D,17.7,17.7,NA,NA,NA,NA,NA,NA,NA,NA ,NA 
SET_6B_PAST,Pinus uncinata,D,14,14,NA,NA,NA,NA,NA,NA,NA,NA ,NA 
SET_6B_PAST,Pinus uncinata,D,14.1,14.1,NA,NA,NA,NA,NA,NA,NA,NA ,NA 
SET_6B_PAST,Pinus uncinata,A,34.5,34.5,NA,NA,NA,NA,NA,NA,NA,NA ,NA 
SET_6B_PAST,Pinus uncinata,A,19,19,NA,NA,NA,NA,NA,NA,NA,NA ,NA 
SET_6B_PAST,Pinus uncinata,A,21.8,21.8,NA,NA,NA,NA,NA,NA,NA,NA ,NA 
SET_6B_PAST,Pinus uncinata,A,21.7,21.7,NA,NA,NA,NA,NA,NA,NA,NA ,NA 
SET_6B_PAST,Pinus uncinata,A,17.9,17.9,NA,NA,NA,NA,NA,NA,NA,NA ,NA 
SET_6B_PAST,Pinus uncinata,D,19.3,19.3,NA,NA,NA,NA,NA,NA,NA,NA ,NA 
SET_6B_PAST,Pinus uncinata,D,12.3,12.3,NA,NA,NA,NA,NA,NA,NA,NA ,NA 
SET_6B_PAST,Pinus uncinata,A,17.8,17.8,NA,NA,NA,NA,NA,NA,NA,NA ,NA 
SET_6B_PAST,Pinus uncinata,A,30.3,30.3,NA,NA,NA,NA,NA,NA,NA,NA ,NA 
SET_6B_PAST,Pinus uncinata,A,17,17,NA,NA,NA,NA,NA,NA,NA,NA ,NA 
SET_6B_PAST,Pinus uncinata,D,20.5,20.5,NA,NA,NA,NA,NA,NA,NA,NA ,NA 
SET_6B_PAST,Pinus uncinata,D,9.7,9.7,NA,NA,NA,NA,NA,NA,NA,NA ,NA 
SET_6B_PAST,Pinus uncinata,D,7.5,7.5,NA,NA,NA,NA,NA,NA,NA,NA ,NA 
SET_6B_PAST,Pinus uncinata,A,17.5,17.5,NA,NA,NA,NA,NA,NA,NA,NA ,NA 
SET_6B_PAST,Pinus uncinata,A,21.3,21.3,NA,NA,NA,NA,NA,NA,NA,NA ,NA 
SET_6B_PAST,Pinus uncinata,D,9.5,9.5,NA,NA,NA,NA,NA,NA,NA,NA ,NA 
SET_6B_PAST,Pinus uncinata,A,21.8,21.8,NA,NA,NA,NA,NA,NA,NA,NA ,NA 
SET_6B_PAST,Pinus uncinata,A,37,37,NA,NA,NA,NA,NA,NA,NA,NA ,NA 
SET_6B_PAST,Pinus uncinata,D,14.7,14.7,NA,NA,NA,NA,NA,NA,NA,NA ,NA 
SET_6B_PAST,Pinus uncinata,D,17.2,17.2,NA,NA,NA,NA,NA,NA,NA,NA ,NA 
SET_6B_PAST,Pinus uncinata,A,26.9,26.9,NA,NA,NA,NA,NA,NA,NA,NA ,NA 
SET_6B_PAST,Pinus uncinata,A,7.8,7.8,NA,NA,NA,NA,NA,NA,NA,NA ,NA 
SET_6B_PAST,Pinus uncinata,A,16.5,16.5,NA,NA,NA,NA,NA,NA,NA,NA ,NA 
SET_6B_PAST,Pinus uncinata,A,24.3,24.3,NA,NA,NA,NA,NA,NA,NA,NA ,NA 
SET_6B_PAST,Pinus uncinata,A,18,18,NA,NA,NA,NA,NA,NA,NA,NA ,NA 
SET_6B_PAST,Pinus uncinata,A,27.5,27.5,NA,NA,NA,NA,NA,NA,NA,NA ,NA 
SET_6B_PAST,Pinus uncinata,D,18.3,18.3,NA,NA,NA,NA,NA,NA,NA,NA ,NA 
SET_6B_PAST,Pinus uncinata,D,9.2,9.2,NA,NA,NA,NA,NA,NA,NA,NA ,NA 
SET_6B_PAST,Pinus uncinata,D,14.4,14.4,NA,NA,NA,NA,NA,NA,NA,NA ,NA 
SET_6B_PAST,Pinus uncinata,D,9.6,9.6,NA,NA,NA,NA,NA,NA,NA,NA ,NA 
SET_6B_PAST,Pinus uncinata,A,16.3,16.3,NA,NA,NA,NA,NA,NA,NA,NA ,NA 
SET_6B_PAST,Pinus uncinata,D,13,13,NA,NA,NA,NA,NA,NA,NA,NA ,NA 
SET_6B_PAST,Pinus uncinata,D,10,10,NA,NA,NA,NA,NA,NA,NA,NA ,NA 
SET_6B_PAST,Pinus uncinata,A,8,8,NA,NA,NA,NA,NA,NA,NA,NA ,NA 
SET_6B_PAST,Pinus uncinata,D,10.6,10.6,NA,NA,NA,NA,NA,NA,NA,NA ,NA 
SET_6B_PAST,Pinus uncinata,D,14.6,14.6,NA,NA,NA,NA,NA,NA,NA,NA ,NA 
SET_6B_PAST,Pinus uncinata,D,11.9,11.9,NA,NA,NA,NA,NA,NA,NA,NA ,NA 
SET_6B_PAST,Pinus uncinata,D,17.2,17.2,NA,NA,NA,NA,NA,NA,NA,NA ,NA 
SET_6B_PAST,Pinus uncinata,D,19.8,19.8,NA,NA,NA,NA,NA,NA,NA,NA ,NA 
SET_6B_PAST,Pinus uncinata,A,18.4,18.4,NA,NA,NA,NA,NA,NA,NA,NA ,NA 
SET_6B_PAST,Pinus uncinata,A,13.9,13.9,NA,NA,NA,NA,NA,NA,NA,NA ,NA 
SET_6B_PAST,Pinus uncinata,A,20.4,20.4,NA,NA,NA,NA,NA,NA,NA,NA ,NA 
SET_6B_PAST,Pinus uncinata,A,33.3,33.3,NA,NA,NA,NA,NA,NA,NA,NA ,NA 
SET_6B_PAST,Pinus uncinata,D,19.8,19.8,NA,NA,NA,NA,NA,NA,NA,NA ,NA 
SET_6C_PAST,Pinus uncinata,A,12,12,NA,NA,NA,NA,NA,NA,NA,NA ,NA 
SET_6C_PAST,Pinus uncinata,A,20.8,20.8,NA,NA,NA,NA,NA,NA,NA,NA ,NA 
SET_6C_PAST,Pinus uncinata,A,25,25,NA,NA,NA,NA,NA,NA,NA,NA ,NA 
SET_6C_PAST,Pinus uncinata,D,15.1,15.1,NA,NA,NA,NA,NA,NA,NA,NA ,NA 
SET_6C_PAST,Pinus uncinata,D,4.2,4.2,NA,NA,NA,NA,NA,NA,NA,NA ,NA 
SET_6C_PAST,Pinus uncinata,D,10.7,10.7,NA,NA,NA,NA,NA,NA,NA,NA ,NA 
SET_6C_PAST,Pinus uncinata,A,19.1,19.1,NA,NA,NA,NA,NA,NA,NA,NA ,NA 
SET_6C_PAST,Pinus uncinata,A,12.1,12.1,NA,NA,NA,NA,NA,NA,NA,NA ,NA 
SET_6C_PAST,Pinus uncinata,A,31.6,31.6,NA,NA,NA,NA,NA,NA,NA,NA ,NA 
SET_6C_PAST,Pinus uncinata,D,11.8,11.8,NA,NA,NA,NA,NA,NA,NA,NA ,NA 
SET_6C_PAST,Pinus uncinata,D,8.9,8.9,NA,NA,NA,NA,NA,NA,NA,NA ,NA 
SET_6C_PAST,Pinus uncinata,A,12.7,12.7,NA,NA,NA,NA,NA,NA,NA,NA ,NA 
SET_6C_PAST,Pinus uncinata,A,16.1,16.1,NA,NA,NA,NA,NA,NA,NA,NA ,NA 
SET_6C_PAST,Pinus uncinata,A,22.1,22.1,NA,NA,NA,NA,NA,NA,NA,NA ,NA 
SET_6C_PAST,Pinus uncinata,D,9.3,9.3,NA,NA,NA,NA,NA,NA,NA,NA ,NA 
SET_6C_PAST,Pinus uncinata,D,10.9,10.9,NA,NA,NA,NA,NA,NA,NA,NA ,NA 
SET_6C_PAST,Pinus uncinata,D,9.9,9.9,NA,NA,NA,NA,NA,NA,NA,NA ,NA 
SET_6C_PAST,Pinus uncinata,A,21.4,21.4,NA,NA,NA,NA,NA,NA,NA,NA ,NA 
SET_6C_PAST,Pinus uncinata,A,17.7,17.7,NA,NA,NA,NA,NA,NA,NA,NA ,NA 
SET_6C_PAST,Pinus uncinata,A,11.5,11.5,NA,NA,NA,NA,NA,NA,NA,NA ,NA 
SET_6C_PAST,Pinus uncinata,A,20.7,20.7,NA,NA,NA,NA,NA,NA,NA,NA ,NA 
SET_6C_PAST,Pinus uncinata,A,18.3,18.3,NA,NA,NA,NA,NA,NA,NA,NA ,NA 
SET_6C_PAST,Pinus uncinata,A,15,15,NA,NA,NA,NA,NA,NA,NA,NA ,NA 
SET_6C_PAST,Pinus uncinata,D,16.1,16.1,NA,NA,NA,NA,NA,NA,NA,NA ,NA 
SET_6C_PAST,Pinus uncinata,A,12.7,12.7,NA,NA,NA,NA,NA,NA,NA,NA ,NA 
SET_6C_PAST,Pinus uncinata,A,9.2,9.2,NA,NA,NA,NA,NA,NA,NA,NA ,NA 
SET_6C_PAST,Pinus uncinata,A,40.8,40.8,NA,NA,NA,NA,NA,NA,NA,NA ,NA 
SET_6C_PAST,Pinus uncinata,A,21.2,21.2,NA,NA,NA,NA,NA,NA,NA,NA ,NA 
SET_6C_PAST,Pinus uncinata,D,8.1,8.1,NA,NA,NA,NA,NA,NA,NA,NA ,NA 
SET_6C_PAST,Pinus uncinata,A,22.9,22.9,NA,NA,NA,NA,NA,NA,NA,NA ,NA 
SET_6C_PAST,Pinus uncinata,A,9.1,9.1,NA,NA,NA,NA,NA,NA,NA,NA ,NA 
SET_6C_PAST,Pinus uncinata,D,10.6,10.6,NA,NA,NA,NA,NA,NA,NA,NA ,NA 
SET_6C_PAST,Pinus uncinata,A,18.2,18.2,NA,NA,NA,NA,NA,NA,NA,NA ,NA 
SET_6C_PAST,Pinus uncinata,A,25.8,25.8,NA,NA,NA,NA,NA,NA,NA,NA ,NA 
SET_6C_PAST,Pinus uncinata,D,17.1,17.1,NA,NA,NA,NA,NA,NA,NA,NA ,NA 
SET_6C_PAST,Pinus uncinata,D,12.4,12.4,NA,NA,NA,NA,NA,NA,NA,NA ,NA 
SET_6C_PAST,Pinus uncinata,A,17.4,17.4,NA,NA,NA,NA,NA,NA,NA,NA ,NA 
SET_6C_PAST,Pinus uncinata,A,14.4,14.4,NA,NA,NA,NA,NA,NA,NA,NA ,NA 
SET_6C_PAST,Pinus uncinata,D,16,16,NA,NA,NA,NA,NA,NA,NA,NA ,NA 
SET_6C_PAST,Pinus uncinata,A,25.6,25.6,NA,NA,NA,NA,NA,NA,NA,NA ,NA 
SET_6C_PAST,Pinus uncinata,A,22.1,22.1,NA,NA,NA,NA,NA,NA,NA,NA ,NA 
SET_6C_PAST,Pinus uncinata,A,25,25,NA,NA,NA,NA,NA,NA,NA,NA ,NA 
SET_6C_PAST,Pinus uncinata,A,14.2,14.2,NA,NA,NA,NA,NA,NA,NA,NA ,NA 
SET_6C_PAST,Pinus uncinata,A,31,31,NA,NA,NA,NA,NA,NA,NA,NA ,NA 
SET_6C_PAST,Pinus uncinata,A,27.1,27.1,NA,NA,NA,NA,NA,NA,NA,NA ,NA 
SET_6C_PAST,Pinus uncinata,A,11.1,11.1,NA,NA,NA,NA,NA,NA,NA,NA ,NA 
SET_6C_PAST,Pinus uncinata,A,26,26,NA,NA,NA,NA,NA,NA,NA,NA ,NA 
SET_6C_PAST,Pinus uncinata,A,38.1,38.1,NA,NA,NA,NA,NA,NA,NA,NA ,NA 
SET_6C_PAST,Pinus uncinata,D,7.9,7.9,NA,NA,NA,NA,NA,NA,NA,NA ,NA 
SET_6C_PAST,Pinus uncinata,A,11.8,11.8,NA,NA,NA,NA,NA,NA,NA,NA ,NA 
SET_6C_PAST,Pinus uncinata,A,21.7,21.7,NA,NA,NA,NA,NA,NA,NA,NA ,NA 
SET_6C_PAST,Pinus uncinata,A,20.3,20.3,NA,NA,NA,NA,NA,NA,NA,NA ,NA 
SET_6C_PAST,Pinus uncinata,A,30.3,30.3,NA,NA,NA,NA,NA,NA,NA,NA ,NA 
SET_6C_PAST,Pinus uncinata,A,19,19,NA,NA,NA,NA,NA,NA,NA,NA ,NA 
SET_6C_PAST,Pinus uncinata,A,23.4,23.4,NA,NA,NA,NA,NA,NA,NA,NA ,NA 
SET_6C_PAST,Pinus uncinata,A,22.2,22.2,NA,NA,NA,NA,NA,NA,NA,NA ,NA 
SET_6C_PAST,Pinus uncinata,A,7.6,7.6,NA,NA,NA,NA,NA,NA,NA,NA ,NA 
SET_6C_PAST,Pinus uncinata,D,16.8,16.8,NA,NA,NA,NA,NA,NA,NA,NA ,NA 
SET_6C_PAST,Pinus uncinata,A,15.8,15.8,NA,NA,NA,NA,NA,NA,NA,NA ,NA 
SET_6C_PAST,Pinus uncinata,A,17.5,17.5,NA,NA,NA,NA,NA,NA,NA,NA ,NA 
SET_6C_PAST,Pinus uncinata,A,23.6,23.6,NA,NA,NA,NA,NA,NA,NA,NA ,NA 
SET_6C_PAST,Pinus uncinata,A,9.9,9.9,NA,NA,NA,NA,NA,NA,NA,NA ,NA 
SET_6C_PAST,Pinus uncinata,A,15.8,15.8,NA,NA,NA,NA,NA,NA,NA,NA ,NA 
SET_6C_PAST,Pinus uncinata,A,26.1,26.1,NA,NA,NA,NA,NA,NA,NA,NA ,NA 
SET_6C_PAST,Pinus uncinata,A,23.3,23.3,NA,NA,NA,NA,NA,NA,NA,NA ,NA 
SET_9_LONG,Pinus uncinata,A,33.6,33.6,NA,NA,NA,NA,NA,NA,NA,NA ,NA 
SET_9_LONG,Pinus uncinata,D,31.6,31.6,NA,NA,NA,NA,NA,NA,NA,NA ,NA 
SET_9_LONG,Pinus uncinata,A,29,29,NA,NA,NA,NA,NA,NA,NA,NA ,NA 
SET_9_LONG,Pinus uncinata,D,26,26,NA,NA,NA,NA,NA,NA,NA,NA ,NA 
SET_9_LONG,Pinus uncinata,A,36.1,36.1,NA,NA,NA,NA,NA,NA,NA,NA ,NA 
SET_9_LONG,Pinus uncinata,A,22.9,22.9,NA,NA,NA,NA,NA,NA,NA,NA ,NA 
SET_9_LONG,Pinus uncinata,A,28,28,NA,NA,NA,NA,NA,NA,NA,NA ,NA 
SET_9_LONG,Pinus uncinata,A,33.4,33.4,NA,NA,NA,NA,NA,NA,NA,NA ,NA 
SET_9_LONG,Pinus uncinata,D,13.8,13.8,NA,NA,NA,NA,NA,NA,NA,NA ,NA 
SET_9_LONG,Pinus uncinata,D,27.4,27.4,NA,NA,NA,NA,NA,NA,NA,NA ,NA 
SET_9_LONG,Pinus uncinata,D,12.4,12.4,NA,NA,NA,NA,NA,NA,NA,NA ,NA 
SET_9_LONG,Pinus uncinata,D,32,32,NA,NA,NA,NA,NA,NA,NA,NA ,NA 
SET_9_LONG,Pinus uncinata,A,31.7,31.7,NA,NA,NA,NA,NA,NA,NA,NA ,NA 
SET_9_LONG,Pinus uncinata,A,21.9,21.9,NA,NA,NA,NA,NA,NA,NA,NA ,NA 
SET_9_LONG,Pinus uncinata,A,22.9,22.9,NA,NA,NA,NA,NA,NA,NA,NA ,NA 
SET_9_LONG,Pinus uncinata,A,33.1,33.1,NA,NA,NA,NA,NA,NA,NA,NA ,NA 
SET_9_LONG,Pinus uncinata,A,26.3,26.3,NA,NA,NA,NA,NA,NA,NA,NA ,NA 
SET_9_LONG,Pinus uncinata,D,13.2,13.2,NA,NA,NA,NA,NA,NA,NA,NA ,NA 
SET_9_LONG,Pinus uncinata,A,26.2,26.2,NA,NA,NA,NA,NA,NA,NA,NA ,NA 
SET_9_LONG,Pinus uncinata,A,31.7,31.7,NA,NA,NA,NA,NA,NA,NA,NA ,NA 
SET_9_LONG,Pinus uncinata,A,32.1,32.1,NA,NA,NA,NA,NA,NA,NA,NA ,NA 
SET_9_LONG,Pinus uncinata,A,32.8,32.8,NA,NA,NA,NA,NA,NA,NA,NA ,NA 
SET_9_LONG,Pinus uncinata,A,27.5,27.5,NA,NA,NA,NA,NA,NA,NA,NA ,NA 
SET_9_LONG,Pinus uncinata,A,27.7,27.7,NA,NA,NA,NA,NA,NA,NA,NA ,NA 
SET_9_LONG,Pinus uncinata,D,18.3,18.3,NA,NA,NA,NA,NA,NA,NA,NA ,NA 
SET_9_LONG,Pinus uncinata,A,45.4,45.4,NA,NA,NA,NA,NA,NA,NA,NA ,NA 
SET_9_LONG,Pinus uncinata,D,19.4,19.4,NA,NA,NA,NA,NA,NA,NA,NA ,NA 
SET_9_LONG,Pinus uncinata,A,22,22,NA,NA,NA,NA,NA,NA,NA,NA ,NA 
SET_9_LONG,Pinus uncinata,A,24.7,24.7,NA,NA,NA,NA,NA,NA,NA,NA ,NA 
SET_9_LONG,Pinus uncinata,A,28,28,NA,NA,NA,NA,NA,NA,NA,NA ,NA 
SET_9_LONG,Pinus uncinata,A,29.9,29.9,NA,NA,NA,NA,NA,NA,NA,NA ,NA 
SET_9_LONG,Pinus uncinata,D,11.1,11.1,NA,NA,NA,NA,NA,NA,NA,NA ,NA 
SET_9_LONG,Pinus uncinata,A,11.5,11.5,NA,NA,NA,NA,NA,NA,NA,NA ,NA 
SET_9_LONG,Pinus uncinata,A,29.9,29.9,NA,NA,NA,NA,NA,NA,NA,NA ,NA 
SET_9_LONG,Pinus uncinata,A,30.6,30.6,NA,NA,NA,NA,NA,NA,NA,NA ,NA 
SET_13_PAST,Pinus uncinata,A,35.1,35.1,NA,NA,NA,NA,NA,NA,NA,NA ,NA 
SET_13_PAST,Pinus uncinata,A,22.1,22.1,NA,NA,NA,NA,NA,NA,NA,NA ,NA 
SET_13_PAST,Pinus uncinata,A,22.2,22.2,NA,NA,NA,NA,NA,NA,NA,NA ,NA 
SET_13_PAST,Pinus uncinata,A,11.5,11.5,NA,NA,NA,NA,NA,NA,NA,NA ,NA 
SET_13_PAST,Pinus uncinata,A,17.5,17.5,NA,NA,NA,NA,NA,NA,NA,NA ,NA 
SET_13_PAST,Pinus uncinata,A,26.9,26.9,NA,NA,NA,NA,NA,NA,NA,NA ,NA 
SET_13_PAST,Pinus uncinata,A,12.2,12.2,NA,NA,NA,NA,NA,NA,NA,NA ,NA 
SET_13_PAST,Pinus uncinata,A,17.7,17.7,NA,NA,NA,NA,NA,NA,NA,NA ,NA 
SET_13_PAST,Pinus uncinata,A,23.9,23.9,NA,NA,NA,NA,NA,NA,NA,NA ,NA 
SET_13_PAST,Pinus uncinata,A,21.5,21.5,NA,NA,NA,NA,NA,NA,NA,NA ,NA 
SET_13_PAST,Pinus uncinata,A,26,26,NA,NA,NA,NA,NA,NA,NA,NA ,NA 
SET_13_PAST,Pinus uncinata,D,17.4,17.4,NA,NA,NA,NA,NA,NA,NA,NA ,NA 
SET_13_PAST,Pinus uncinata,A,22,22,NA,NA,NA,NA,NA,NA,NA,NA ,NA 
SET_13_PAST,Pinus uncinata,A,13.1,13.1,NA,NA,NA,NA,NA,NA,NA,NA ,NA 
SET_13_PAST,Pinus uncinata,A,19.8,19.8,NA,NA,NA,NA,NA,NA,NA,NA ,NA 
SET_13_PAST,Pinus uncinata,A,17,17,NA,NA,NA,NA,NA,NA,NA,NA ,NA 
SET_13_PAST,Pinus uncinata,A,18.4,18.4,NA,NA,NA,NA,NA,NA,NA,NA ,NA 
SET_13_PAST,Pinus uncinata,A,19,19,NA,NA,NA,NA,NA,NA,NA,NA ,NA 
SET_13_PAST,Pinus uncinata,A,29.9,29.9,NA,NA,NA,NA,NA,NA,NA,NA ,NA 
SET_13_PAST,Pinus uncinata,A,12.2,12.2,NA,NA,NA,NA,NA,NA,NA,NA ,NA 
SET_13_PAST,Pinus uncinata,A,8.5,8.5,NA,NA,NA,NA,NA,NA,NA,NA ,NA 
SET_13_PAST,Pinus uncinata,A,26.9,26.9,NA,NA,NA,NA,NA,NA,NA,NA ,NA 
SET_13_PAST,Pinus uncinata,A,26.5,26.5,NA,NA,NA,NA,NA,NA,NA,NA ,NA 
SET_13_PAST,Pinus uncinata,A,24.6,24.6,NA,NA,NA,NA,NA,NA,NA,NA ,NA 
SET_13_PAST,Pinus uncinata,D,12,12,NA,NA,NA,NA,NA,NA,NA,NA ,NA 
SET_13_PAST,Pinus uncinata,A,20.4,20.4,NA,NA,NA,NA,NA,NA,NA,NA ,NA 
SET_13_PAST,Pinus uncinata,A,25.5,25.5,NA,NA,NA,NA,NA,NA,NA,NA ,NA 
SET_13_PAST,Pinus uncinata,A,15.8,15.8,NA,NA,NA,NA,NA,NA,NA,NA ,NA 
SET_13_PAST,Pinus uncinata,D,18,18,NA,NA,NA,NA,NA,NA,NA,NA ,NA 
SET_13_PAST,Pinus uncinata,A,21.9,21.9,NA,NA,NA,NA,NA,NA,NA,NA ,NA 
SET_13_PAST,Pinus uncinata,A,23.6,23.6,NA,NA,NA,NA,NA,NA,NA,NA ,NA 
SET_13_PAST,Pinus uncinata,A,19.3,19.3,NA,NA,NA,NA,NA,NA,NA,NA ,NA 
SET_13_PAST,Pinus uncinata,A,29.6,29.6,NA,NA,NA,NA,NA,NA,NA,NA ,NA 
SET_13_PAST,Pinus uncinata,A,18,18,NA,NA,NA,NA,NA,NA,NA,NA ,NA 
SET_13_PAST,Pinus uncinata,A,15.8,15.8,NA,NA,NA,NA,NA,NA,NA,NA ,NA 
SET_13_PAST,Pinus uncinata,D,17.7,17.7,NA,NA,NA,NA,NA,NA,NA,NA ,NA 
SET_13_PAST,Pinus uncinata,A,27.9,27.9,NA,NA,NA,NA,NA,NA,NA,NA ,NA 
SET_13_PAST,Pinus uncinata,A,21.6,21.6,NA,NA,NA,NA,NA,NA,NA,NA ,NA 
SET_13_PAST,Pinus uncinata,D,10.2,10.2,NA,NA,NA,NA,NA,NA,NA,NA ,NA 
SET_13_PAST,Pinus uncinata,A,23.1,23.1,NA,NA,NA,NA,NA,NA,NA,NA ,NA 
SET_13_PAST,Pinus uncinata,D,10.7,10.7,NA,NA,NA,NA,NA,NA,NA,NA ,NA 
SET_13_PAST,Pinus uncinata,A,9.5,9.5,NA,NA,NA,NA,NA,NA,NA,NA ,NA 
SET_13_PAST,Pinus uncinata,A,17.4,17.4,NA,NA,NA,NA,NA,NA,NA,NA ,NA 
SET_13_PAST,Pinus uncinata,D,10.8,10.8,NA,NA,NA,NA,NA,NA,NA,NA ,NA 
SET_13_PAST,Pinus uncinata,A,41.1,41.1,NA,NA,NA,NA,NA,NA,NA,NA ,NA 
SET_13_PAST,Pinus uncinata,A,13.9,13.9,NA,NA,NA,NA,NA,NA,NA,NA ,NA 
SET_13_PAST,Pinus uncinata,D,13.7,13.7,NA,NA,NA,NA,NA,NA,NA,NA ,NA 
SET_13_PAST,Pinus uncinata,A,20.4,20.4,NA,NA,NA,NA,NA,NA,NA,NA ,NA 
SET_13_PAST,Pinus uncinata,A,18.2,18.2,NA,NA,NA,NA,NA,NA,NA,NA ,NA 
SET_13_PAST,Pinus uncinata,D,19.1,19.1,NA,NA,NA,NA,NA,NA,NA,NA ,NA 
SET_13_PAST,Pinus uncinata,A,15.1,15.1,NA,NA,NA,NA,NA,NA,NA,NA ,NA 
SET_13_PAST,Pinus uncinata,A,25.3,25.3,NA,NA,NA,NA,NA,NA,NA,NA ,NA 
SET_13_PAST,Pinus uncinata,A,22.1,22.1,NA,NA,NA,NA,NA,NA,NA,NA ,NA 
SET_13_PAST,Pinus uncinata,A,14.2,14.2,NA,NA,NA,NA,NA,NA,NA,NA ,NA 
SET_13_PAST,Pinus uncinata,A,8.4,8.4,NA,NA,NA,NA,NA,NA,NA,NA ,NA 
SET_13_PAST,Pinus uncinata,A,23.6,23.6,NA,NA,NA,NA,NA,NA,NA,NA ,NA 
SET_13_PAST,Pinus uncinata,A,22.3,22.3,NA,NA,NA,NA,NA,NA,NA,NA ,NA 
SET_13_PAST,Pinus uncinata,A,17.9,17.9,NA,NA,NA,NA,NA,NA,NA,NA ,NA 
SET_13_PAST,Pinus uncinata,A,16.9,16.9,NA,NA,NA,NA,NA,NA,NA,NA ,NA 
SET_13_PAST,Pinus uncinata,D,10,10,NA,NA,NA,NA,NA,NA,NA,NA ,NA 
SET_13_PAST,Pinus uncinata,D,10.2,10.2,NA,NA,NA,NA,NA,NA,NA,NA ,NA 
SET_13_PAST,Pinus uncinata,D,12.6,12.6,NA,NA,NA,NA,NA,NA,NA,NA ,NA 
SET_14_PAST,Pinus uncinata,A,21.7,21.7,NA,NA,NA,NA,NA,NA,NA,NA ,NA 
SET_14_PAST,Pinus uncinata,A,31.9,31.9,NA,NA,NA,NA,NA,NA,NA,NA ,NA 
SET_14_PAST,Pinus uncinata,A,21,21,NA,NA,NA,NA,NA,NA,NA,NA ,NA 
SET_14_PAST,Pinus uncinata,A,25.6,25.6,NA,NA,NA,NA,NA,NA,NA,NA ,NA 
SET_14_PAST,Pinus uncinata,D,12.8,12.8,NA,NA,NA,NA,NA,NA,NA,NA ,NA 
SET_14_PAST,Pinus uncinata,A,51.4,51.4,NA,NA,NA,NA,NA,NA,NA,NA ,NA 
SET_14_PAST,Pinus uncinata,A,21,21,NA,NA,NA,NA,NA,NA,NA,NA ,NA 
SET_14_PAST,Pinus uncinata,D,9.3,9.3,NA,NA,NA,NA,NA,NA,NA,NA ,NA 
SET_14_PAST,Pinus uncinata,A,29.1,29.1,NA,NA,NA,NA,NA,NA,NA,NA ,NA 
SET_14_PAST,Pinus uncinata,D,13.9,13.9,NA,NA,NA,NA,NA,NA,NA,NA ,NA 
SET_14_PAST,Pinus uncinata,A,41.6,41.6,NA,NA,NA,NA,NA,NA,NA,NA ,NA 
SET_14_PAST,Pinus uncinata,A,30.5,30.5,NA,NA,NA,NA,NA,NA,NA,NA ,NA 
SET_14_PAST,Pinus uncinata,A,14.8,14.8,NA,NA,NA,NA,NA,NA,NA,NA ,NA 
SET_14_PAST,Pinus uncinata,D,7.9,7.9,NA,NA,NA,NA,NA,NA,NA,NA ,NA 
SET_14_PAST,Pinus uncinata,D,8.4,8.4,NA,NA,NA,NA,NA,NA,NA,NA ,NA 
SET_14_PAST,Pinus uncinata,D,10.2,10.2,NA,NA,NA,NA,NA,NA,NA,NA ,NA 
SET_14_PAST,Pinus uncinata,A,31.7,31.7,NA,NA,NA,NA,NA,NA,NA,NA ,NA 
SET_14_PAST,Pinus uncinata,D,22.4,22.4,NA,NA,NA,NA,NA,NA,NA,NA ,NA 
SET_14_PAST,Pinus uncinata,A,20.6,20.6,NA,NA,NA,NA,NA,NA,NA,NA ,NA 
SET_14_PAST,Pinus uncinata,A,31,31,NA,NA,NA,NA,NA,NA,NA,NA ,NA 
SET_14_PAST,Pinus uncinata,A,99,26.4,29.6,24.6,8.4,10,NA,NA,NA,5 stems,NA 
SET_14_PAST,Pinus uncinata,A,25.5,25.5,NA,NA,NA,NA,NA,NA,NA,NA ,NA 
SET_14_PAST,Pinus uncinata,A,24.6,24.6,NA,NA,NA,NA,NA,NA,NA,NA ,NA 
SET_14_PAST,Pinus uncinata,D,14.3,14.3,NA,NA,NA,NA,NA,NA,NA,NA ,NA 
SET_14_PAST,Pinus uncinata,D,11.3,11.3,NA,NA,NA,NA,NA,NA,NA,NA ,NA 
SET_14_PAST,Pinus uncinata,A,27.5,27.5,NA,NA,NA,NA,NA,NA,NA,NA ,NA 
SET_14_PAST,Pinus uncinata,A,51.9,25.9,26,NA,NA,NA,NA,NA,NA,2 stems,NA 
SET_14_PAST,Pinus uncinata,A,40.2,40.2,NA,NA,NA,NA,NA,NA,NA,NA ,NA 
SET_14_PAST,Pinus uncinata,D,13.1,13.1,NA,NA,NA,NA,NA,NA,NA,NA ,NA 
SET_14_PAST,Pinus uncinata,A,20.4,20.4,NA,NA,NA,NA,NA,NA,NA,NA ,NA 
SET_14_PAST,Pinus uncinata,A,49.5,49.5,NA,NA,NA,NA,NA,NA,NA,NA ,NA 
SET_14_PAST,Pinus uncinata,D,14.8,14.8,NA,NA,NA,NA,NA,NA,NA,NA ,NA 
SET_14_PAST,Pinus uncinata,A,21.6,21.6,NA,NA,NA,NA,NA,NA,NA,NA ,NA 
SET_14_PAST,Pinus uncinata,A,14.5,14.5,NA,NA,NA,NA,NA,NA,NA,NA ,NA 
SET_14_PAST,Pinus uncinata,A,28,28,NA,NA,NA,NA,NA,NA,NA,NA ,NA 
SET_14_PAST,Pinus uncinata,A,28.6,28.6,NA,NA,NA,NA,NA,NA,NA,NA ,NA 
SET_14_PAST,Pinus uncinata,A,30.9,30.9,NA,NA,NA,NA,NA,NA,NA,NA ,NA 
SET_14_PAST,Pinus uncinata,A,23.6,23.6,NA,NA,NA,NA,NA,NA,NA,NA ,NA 
SET_14_PAST,Pinus uncinata,D,7.9,7.9,NA,NA,NA,NA,NA,NA,NA,NA ,NA 
SET_14_PAST,Pinus uncinata,A,25.3,25.3,NA,NA,NA,NA,NA,NA,NA,NA ,NA 
SET_14_PAST,Pinus uncinata,A,22.3,22.3,NA,NA,NA,NA,NA,NA,NA,NA ,NA 
SET_14_PAST,Pinus uncinata,A,41.8,18.9,22.9,NA,NA,NA,NA,NA,NA,2 stems,NA 
SET_15_LONG,Pinus uncinata,A,25.4,25.4,NA,NA,NA,NA,NA,NA,NA,NA ,NA 
SET_15_LONG,Pinus uncinata,A,27.5,27.5,NA,NA,NA,NA,NA,NA,NA,NA ,NA 
SET_15_LONG,Pinus uncinata,A,30.5,30.5,NA,NA,NA,NA,NA,NA,NA,NA ,NA 
SET_15_LONG,Pinus uncinata,D,17.8,17.8,NA,NA,NA,NA,NA,NA,NA,NA ,NA 
SET_15_LONG,Pinus uncinata,A,38.9,38.9,NA,NA,NA,NA,NA,NA,NA,NA ,NA 
SET_15_LONG,Pinus uncinata,D,25.9,25.9,NA,NA,NA,NA,NA,NA,NA,NA ,NA 
SET_15_LONG,Pinus uncinata,A,32.7,32.7,NA,NA,NA,NA,NA,NA,NA,NA ,NA 
SET_15_LONG,Pinus uncinata,A,25.8,25.8,NA,NA,NA,NA,NA,NA,NA,NA ,NA 
SET_15_LONG,Pinus uncinata,A,31.8,31.8,NA,NA,NA,NA,NA,NA,NA,NA ,NA 
SET_15_LONG,Pinus uncinata,A,32,32,NA,NA,NA,NA,NA,NA,NA,NA ,NA 
SET_15_LONG,Pinus uncinata,A,25.5,25.5,NA,NA,NA,NA,NA,NA,NA,NA ,NA 
SET_15_LONG,Pinus uncinata,A,18.5,18.5,NA,NA,NA,NA,NA,NA,NA,NA ,NA 
SET_15_LONG,Pinus uncinata,A,30.9,30.9,NA,NA,NA,NA,NA,NA,NA,NA ,NA 
SET_15_LONG,Pinus uncinata,A,20.7,20.7,NA,NA,NA,NA,NA,NA,NA,NA ,NA 
SET_15_LONG,Pinus uncinata,A,26.7,26.7,NA,NA,NA,NA,NA,NA,NA,NA ,NA 
SET_15_LONG,Pinus uncinata,A,24,24,NA,NA,NA,NA,NA,NA,NA,NA ,NA 
SET_15_LONG,Pinus uncinata,A,26,26,NA,NA,NA,NA,NA,NA,NA,NA ,NA 
SET_15_LONG,Pinus uncinata,A,26.6,26.6,NA,NA,NA,NA,NA,NA,NA,NA ,NA 
SET_15_LONG,Pinus uncinata,D,25,25,NA,NA,NA,NA,NA,NA,NA,NA ,NA 
SET_15_LONG,Pinus uncinata,A,30.7,30.7,NA,NA,NA,NA,NA,NA,NA,NA ,NA 
SET_15_LONG,Pinus uncinata,A,37.2,37.2,NA,NA,NA,NA,NA,NA,NA,NA ,NA 
SET_15_LONG,Pinus uncinata,A,21.2,21.2,NA,NA,NA,NA,NA,NA,NA,NA ,NA 
SET_15_LONG,Pinus uncinata,A,34.9,34.9,NA,NA,NA,NA,NA,NA,NA,NA ,NA 
SET_15_LONG,Pinus uncinata,A,30,30,NA,NA,NA,NA,NA,NA,NA,NA ,NA 
SET_15_LONG,Pinus uncinata,D,28.9,28.9,NA,NA,NA,NA,NA,NA,NA,NA ,NA 
SET_15_LONG,Pinus uncinata,A,31.2,31.2,NA,NA,NA,NA,NA,NA,NA,NA ,NA 
SET_15_LONG,Pinus uncinata,A,32.9,32.9,NA,NA,NA,NA,NA,NA,NA,NA ,NA 
SET_15_LONG,Pinus uncinata,A,38.7,38.7,NA,NA,NA,NA,NA,NA,NA,NA ,NA 
SET_15_LONG,Pinus uncinata,A,26.1,26.1,NA,NA,NA,NA,NA,NA,NA,NA ,NA 
SET_16_LONG,Pinus uncinata,A,33.9,33.9,NA,NA,NA,NA,NA,NA,NA,NA ,NA 
SET_16_LONG,Pinus uncinata,A,27.3,27.3,NA,NA,NA,NA,NA,NA,NA,NA ,NA 
SET_16_LONG,Pinus uncinata,D,29.6,29.6,NA,NA,NA,NA,NA,NA,NA,NA ,NA 
SET_16_LONG,Pinus uncinata,D,28.9,28.9,NA,NA,NA,NA,NA,NA,NA,NA ,NA 
SET_16_LONG,Pinus uncinata,A,25,25,NA,NA,NA,NA,NA,NA,NA,NA ,NA 
SET_16_LONG,Pinus uncinata,A,22.9,22.9,NA,NA,NA,NA,NA,NA,NA,NA ,NA 
SET_16_LONG,Pinus uncinata,D,28,28,NA,NA,NA,NA,NA,NA,NA,NA ,NA 
SET_16_LONG,Pinus uncinata,D,16,16,NA,NA,NA,NA,NA,NA,NA,NA ,NA 
SET_16_LONG,Pinus uncinata,D,14.3,14.3,NA,NA,NA,NA,NA,NA,NA,NA ,NA 
SET_16_LONG,Pinus uncinata,A,22,22,NA,NA,NA,NA,NA,NA,NA,NA ,NA 
SET_16_LONG,Pinus uncinata,A,21.9,21.9,NA,NA,NA,NA,NA,NA,NA,NA ,NA 
SET_16_LONG,Pinus uncinata,A,38.8,38.8,NA,NA,NA,NA,NA,NA,NA,NA ,NA 
SET_16_LONG,Pinus uncinata,D,27.6,27.6,NA,NA,NA,NA,NA,NA,NA,NA ,NA 
SET_16_LONG,Pinus uncinata,D,19,19,NA,NA,NA,NA,NA,NA,NA,NA ,NA 
SET_16_LONG,Pinus uncinata,D,33.7,33.7,NA,NA,NA,NA,NA,NA,NA,NA ,NA 
SET_16_LONG,Pinus uncinata,D,19,19,NA,NA,NA,NA,NA,NA,NA,NA ,NA 
SET_16_LONG,Pinus uncinata,A,25.2,25.2,NA,NA,NA,NA,NA,NA,NA,NA ,NA 
SET_16_LONG,Pinus uncinata,A,28.4,28.4,NA,NA,NA,NA,NA,NA,NA,NA ,NA 
SET_16_LONG,Pinus uncinata,A,23.3,23.3,NA,NA,NA,NA,NA,NA,NA,NA ,NA 
SET_16_LONG,Pinus uncinata,D,21.9,21.9,NA,NA,NA,NA,NA,NA,NA,NA ,NA 
SET_16_LONG,Pinus uncinata,D,24.5,24.5,NA,NA,NA,NA,NA,NA,NA,NA ,NA 
SET_16_LONG,Pinus uncinata,A,30.2,30.2,NA,NA,NA,NA,NA,NA,NA,NA ,NA 
SET_16_LONG,Pinus uncinata,D,27.5,27.5,NA,NA,NA,NA,NA,NA,NA,NA ,NA 
SET_16_LONG,Pinus uncinata,D,21.4,21.4,NA,NA,NA,NA,NA,NA,NA,NA ,NA 
SET_16_LONG,Pinus uncinata,D,15.8,15.8,NA,NA,NA,NA,NA,NA,NA,NA ,NA 
SET_16_LONG,Pinus uncinata,D,15.3,15.3,NA,NA,NA,NA,NA,NA,NA,NA ,NA 
SET_16_LONG,Pinus uncinata,A,41.5,41.5,NA,NA,NA,NA,NA,NA,NA,NA ,NA 
SET_16_LONG,Pinus uncinata,A,26,26,NA,NA,NA,NA,NA,NA,NA,NA ,NA 
SET_16_LONG,Pinus uncinata,A,33.5,33.5,NA,NA,NA,NA,NA,NA,NA,NA ,NA 
SET_16_LONG,Pinus uncinata,A,21.3,21.3,NA,NA,NA,NA,NA,NA,NA,NA ,NA 
SET_16_LONG,Pinus uncinata,A,25.2,25.2,NA,NA,NA,NA,NA,NA,NA,NA ,NA 
SET_16_LONG,Pinus uncinata,A,22.4,22.4,NA,NA,NA,NA,NA,NA,NA,NA ,NA 
SET_16_LONG,Pinus uncinata,A,20.8,20.8,NA,NA,NA,NA,NA,NA,NA,NA ,NA 
SET_16_LONG,Pinus uncinata,A,24.1,24.1,NA,NA,NA,NA,NA,NA,NA,NA ,NA 
SET_16_LONG,Pinus uncinata,A,25,25,NA,NA,NA,NA,NA,NA,NA,NA ,NA 
SET_16_LONG,Pinus uncinata,A,31,31,NA,NA,NA,NA,NA,NA,NA,NA ,NA 
SET_16_LONG,Pinus uncinata,D,21.5,21.5,NA,NA,NA,NA,NA,NA,NA,NA ,NA 
SET_16_LONG,Pinus uncinata,A,40.7,40.7,NA,NA,NA,NA,NA,NA,NA,NA ,NA 
SET_16_LONG,Pinus uncinata,A,19.6,19.6,NA,NA,NA,NA,NA,NA,NA,NA ,NA 
SET_16_LONG,Pinus uncinata,A,29.9,29.9,NA,NA,NA,NA,NA,NA,NA,NA ,NA 
SET_16_LONG,Pinus uncinata,A,24.6,24.6,NA,NA,NA,NA,NA,NA,NA,NA ,NA 
SET_16B_LONG,Pinus uncinata,D,35.3,35.3,NA,NA,NA,NA,NA,NA,NA,NA ,NA 
SET_16B_LONG,Pinus uncinata,A,23,23,NA,NA,NA,NA,NA,NA,NA,NA ,NA 
SET_16B_LONG,Pinus uncinata,D,17.7,17.7,NA,NA,NA,NA,NA,NA,NA,NA ,NA 
SET_16B_LONG,Pinus uncinata,A,21.6,21.6,NA,NA,NA,NA,NA,NA,NA,NA ,NA 
SET_16B_LONG,Pinus uncinata,D,25.5,25.5,NA,NA,NA,NA,NA,NA,NA,NA ,NA 
SET_16B_LONG,Pinus uncinata,A,26.3,26.3,NA,NA,NA,NA,NA,NA,NA,NA ,NA 
SET_16B_LONG,Pinus uncinata,A,29.1,29.1,NA,NA,NA,NA,NA,NA,NA,NA ,NA 
SET_16B_LONG,Pinus uncinata,A,23.8,23.8,NA,NA,NA,NA,NA,NA,NA,NA ,NA 
SET_16B_LONG,Pinus uncinata,D,20.2,20.2,NA,NA,NA,NA,NA,NA,NA,NA ,NA 
SET_16B_LONG,Pinus uncinata,A,21.9,21.9,NA,NA,NA,NA,NA,NA,NA,NA ,NA 
SET_16B_LONG,Pinus uncinata,D,12.3,12.3,NA,NA,NA,NA,NA,NA,NA,NA ,NA 
SET_16B_LONG,Pinus uncinata,A,24,24,NA,NA,NA,NA,NA,NA,NA,NA ,NA 
SET_16B_LONG,Pinus uncinata,A,24.4,24.4,NA,NA,NA,NA,NA,NA,NA,NA ,NA 
SET_16B_LONG,Pinus uncinata,A,24.3,24.3,NA,NA,NA,NA,NA,NA,NA,NA ,NA 
SET_16B_LONG,Pinus uncinata,A,54,54,NA,NA,NA,NA,NA,NA,NA,NA ,NA 
SET_16B_LONG,Pinus uncinata,A,47.3,22.4,24.9,NA,NA,NA,NA,NA,NA,2 stems,NA 
SET_16B_LONG,Pinus uncinata,D,12.3,12.3,NA,NA,NA,NA,NA,NA,NA,NA ,NA 
SET_16B_LONG,Pinus uncinata,D,18.3,18.3,NA,NA,NA,NA,NA,NA,NA,NA ,NA 
SET_16B_LONG,Pinus uncinata,A,18,18,NA,NA,NA,NA,NA,NA,NA,NA ,NA 
SET_16B_LONG,Pinus uncinata,A,31.6,31.6,NA,NA,NA,NA,NA,NA,NA,NA ,NA 
SET_16B_LONG,Pinus uncinata,A,18.4,18.4,NA,NA,NA,NA,NA,NA,NA,NA ,NA 
SET_16B_LONG,Pinus uncinata,D,12.7,12.7,NA,NA,NA,NA,NA,NA,NA,NA ,NA 
SET_16B_LONG,Pinus uncinata,A,28.6,28.6,NA,NA,NA,NA,NA,NA,NA,NA ,NA 
SET_16B_LONG,Pinus uncinata,A,24.7,24.7,NA,NA,NA,NA,NA,NA,NA,NA ,NA 
SET_16B_LONG,Pinus uncinata,D,26.6,26.6,NA,NA,NA,NA,NA,NA,NA,NA ,NA 
SET_16B_LONG,Pinus uncinata,A,24.1,24.1,NA,NA,NA,NA,NA,NA,NA,NA ,NA 
SET_16B_LONG,Pinus uncinata,D,14,14,NA,NA,NA,NA,NA,NA,NA,NA ,NA 
SET_16B_LONG,Pinus uncinata,A,22.9,22.9,NA,NA,NA,NA,NA,NA,NA,NA ,NA 
SET_16B_LONG,Pinus uncinata,A,31.9,31.9,NA,NA,NA,NA,NA,NA,NA,NA ,NA 
SET_16B_LONG,Pinus uncinata,A,28.3,28.3,NA,NA,NA,NA,NA,NA,NA,NA ,NA 
SET_16B_LONG,Pinus uncinata,A,21.3,21.3,NA,NA,NA,NA,NA,NA,NA,NA ,NA 
SET_16B_LONG,Pinus uncinata,A,23.9,23.9,NA,NA,NA,NA,NA,NA,NA,NA ,NA 
SET_16B_LONG,Pinus uncinata,A,15.7,15.7,NA,NA,NA,NA,NA,NA,NA,NA ,NA 
SET_16B_LONG,Pinus uncinata,A,28.1,28.1,NA,NA,NA,NA,NA,NA,NA,NA ,NA 
SET_16B_LONG,Pinus uncinata,A,34.8,34.8,NA,NA,NA,NA,NA,NA,NA,NA ,NA 
SET_16B_LONG,Pinus uncinata,D,17,17,NA,NA,NA,NA,NA,NA,NA,NA ,NA 
SET_16B_LONG,Pinus uncinata,A,13.4,13.4,NA,NA,NA,NA,NA,NA,NA,NA ,NA 
SET_16B_LONG,Pinus uncinata,A,25.1,25.1,NA,NA,NA,NA,NA,NA,NA,NA ,NA 
SET_16B_LONG,Pinus uncinata,A,31.9,31.9,NA,NA,NA,NA,NA,NA,NA,NA ,NA 
SET_16B_LONG,Pinus uncinata,D,28.8,28.8,NA,NA,NA,NA,NA,NA,NA,NA ,NA 
SET_16B_LONG,Pinus uncinata,A,25.5,25.5,NA,NA,NA,NA,NA,NA,NA,NA ,NA 
SET_16B_LONG,Pinus uncinata,A,23.9,23.9,NA,NA,NA,NA,NA,NA,NA,NA ,NA 
SET_16B_LONG,Pinus uncinata,D,22.1,22.1,NA,NA,NA,NA,NA,NA,NA,NA ,NA 
SET_16B_LONG,Pinus uncinata,A,12.2,12.2,NA,NA,NA,NA,NA,NA,NA,NA ,NA 
SET_16B_LONG,Pinus uncinata,A,37.5,37.5,NA,NA,NA,NA,NA,NA,NA,NA ,NA 
SET_18_LONG,Pinus uncinata,A,27.9,27.9,NA,NA,NA,NA,NA,NA,NA,NA ,NA 
SET_18_LONG,Pinus uncinata,D,19.3,19.3,NA,NA,NA,NA,NA,NA,NA,NA ,NA 
SET_18_LONG,Pinus uncinata,A,27.2,27.2,NA,NA,NA,NA,NA,NA,NA,NA ,NA 
SET_18_LONG,Pinus uncinata,A,23.7,23.7,NA,NA,NA,NA,NA,NA,NA,NA ,NA 
SET_18_LONG,Pinus uncinata,A,16,16,NA,NA,NA,NA,NA,NA,NA,NA ,NA 
SET_18_LONG,Pinus uncinata,A,26.5,26.5,NA,NA,NA,NA,NA,NA,NA,NA ,NA 
SET_18_LONG,Pinus uncinata,A,30.8,30.8,NA,NA,NA,NA,NA,NA,NA,NA ,NA 
SET_18_LONG,Pinus uncinata,A,26.3,26.3,NA,NA,NA,NA,NA,NA,NA,NA ,NA 
SET_18_LONG,Pinus uncinata,A,35.2,35.2,NA,NA,NA,NA,NA,NA,NA,NA ,NA 
SET_18_LONG,Pinus uncinata,A,27.8,27.8,NA,NA,NA,NA,NA,NA,NA,NA ,NA 
SET_18_LONG,Pinus uncinata,A,33.5,33.5,NA,NA,NA,NA,NA,NA,NA,NA ,NA 
SET_18_LONG,Pinus uncinata,A,17,17,NA,NA,NA,NA,NA,NA,NA,NA ,NA 
SET_18_LONG,Pinus uncinata,D,26.9,26.9,NA,NA,NA,NA,NA,NA,NA,NA ,NA 
SET_18_LONG,Pinus uncinata,D,11.7,11.7,NA,NA,NA,NA,NA,NA,NA,NA ,NA 
SET_18_LONG,Pinus uncinata,A,18.4,18.4,NA,NA,NA,NA,NA,NA,NA,NA ,NA 
SET_18_LONG,Pinus uncinata,A,16.2,16.2,NA,NA,NA,NA,NA,NA,NA,NA ,NA 
SET_18_LONG,Pinus uncinata,A,24.1,24.1,NA,NA,NA,NA,NA,NA,NA,NA ,NA 
SET_18_LONG,Pinus uncinata,A,29.3,29.3,NA,NA,NA,NA,NA,NA,NA,NA ,NA 
SET_18_LONG,Pinus uncinata,A,31.4,31.4,NA,NA,NA,NA,NA,NA,NA,NA ,NA 
SET_18_LONG,Pinus uncinata,A,16.4,16.4,NA,NA,NA,NA,NA,NA,NA,NA ,NA 
SET_18_LONG,Pinus uncinata,A,35.9,35.9,NA,NA,NA,NA,NA,NA,NA,NA ,NA 
SET_18_LONG,Pinus uncinata,A,22.3,22.3,NA,NA,NA,NA,NA,NA,NA,NA ,NA 
SET_18_LONG,Pinus uncinata,A,24.2,24.2,NA,NA,NA,NA,NA,NA,NA,NA ,NA 
SET_18_LONG,Pinus uncinata,A,24.7,24.7,NA,NA,NA,NA,NA,NA,NA,NA ,NA 
SET_18_LONG,Pinus uncinata,A,26.8,26.8,NA,NA,NA,NA,NA,NA,NA,NA ,NA 
SET_18_LONG,Pinus uncinata,A,38.6,38.6,NA,NA,NA,NA,NA,NA,NA,NA ,NA 
SET_18_LONG,Pinus uncinata,A,19.6,19.6,NA,NA,NA,NA,NA,NA,NA,NA ,NA 
SET_18_LONG,Pinus uncinata,D,23.3,23.3,NA,NA,NA,NA,NA,NA,NA,NA ,NA 
SET_18_LONG,Pinus uncinata,A,17.5,17.5,NA,NA,NA,NA,NA,NA,NA,NA ,NA 
SET_18_LONG,Pinus uncinata,A,13.1,13.1,NA,NA,NA,NA,NA,NA,NA,NA ,NA 
SET_18_LONG,Pinus uncinata,D,16.6,16.6,NA,NA,NA,NA,NA,NA,NA,NA ,NA 
SET_18_LONG,Pinus uncinata,A,24.9,24.9,NA,NA,NA,NA,NA,NA,NA,NA ,NA 
SET_18_LONG,Pinus uncinata,A,35.6,35.6,NA,NA,NA,NA,NA,NA,NA,NA ,NA 
SET_18_LONG,Pinus uncinata,D,11,11,NA,NA,NA,NA,NA,NA,NA,NA ,NA 
SET_18_LONG,Pinus uncinata,A,20.5,20.5,NA,NA,NA,NA,NA,NA,NA,NA ,NA 
SET_18_LONG,Pinus uncinata,A,26.2,26.2,NA,NA,NA,NA,NA,NA,NA,NA ,NA 
SET_18_LONG,Pinus uncinata,A,18.3,18.3,NA,NA,NA,NA,NA,NA,NA,NA ,NA 
SET_18_LONG,Pinus uncinata,A,31.3,31.3,NA,NA,NA,NA,NA,NA,NA,NA ,NA 
SET_18_LONG,Pinus uncinata,A,25.5,25.5,NA,NA,NA,NA,NA,NA,NA,NA ,NA 
SET_18_LONG,Pinus uncinata,A,32.6,32.6,NA,NA,NA,NA,NA,NA,NA,NA ,NA 
SET_18_LONG,Pinus uncinata,A,32.3,32.3,NA,NA,NA,NA,NA,NA,NA,NA ,NA 
SET_18_LONG,Pinus uncinata,A,22.1,22.1,NA,NA,NA,NA,NA,NA,NA,NA ,NA 
SET_18_LONG,Pinus uncinata,D,23.6,23.6,NA,NA,NA,NA,NA,NA,NA,NA ,NA 
SET_18_LONG,Pinus uncinata,D,12.3,12.3,NA,NA,NA,NA,NA,NA,NA,NA ,NA 
SET_18_LONG,Pinus uncinata,A,26.4,26.4,NA,NA,NA,NA,NA,NA,NA,NA ,NA 
SET_18_LONG,Pinus uncinata,D,9,9,NA,NA,NA,NA,NA,NA,NA,NA ,NA 
SET_18_LONG,Pinus uncinata,A,16.2,16.2,NA,NA,NA,NA,NA,NA,NA,NA ,NA 
SET_18_LONG,Pinus uncinata,A,24.5,24.5,NA,NA,NA,NA,NA,NA,NA,NA ,NA 
SET_18_LONG,Pinus uncinata,D,21.7,21.7,NA,NA,NA,NA,NA,NA,NA,NA ,NA 
SET_18_LONG,Pinus uncinata,A,38.3,38.3,NA,NA,NA,NA,NA,NA,NA,NA ,NA 
SF_1_PAST,Fagus sylvatica,D,12.2,12.2,NA,NA,NA,NA,NA,NA,NA,NA ,NA 
SF_1_PAST,Fagus sylvatica,A,67.7,67.7,NA,NA,NA,NA,NA,NA,NA,NA ,NA 
SF_1_PAST,Fagus sylvatica,A,57.6,57.6,NA,NA,NA,NA,NA,NA,NA,NA ,NA 
SF_1_PAST,Fagus sylvatica,A,48.2,48.2,NA,NA,NA,NA,NA,NA,NA,NA ,NA 
SF_1_PAST,Fagus sylvatica,D,10.6,10.6,NA,NA,NA,NA,NA,NA,NA,NA ,NA 
SF_1_PAST,Fagus sylvatica,D,9.6,9.6,NA,NA,NA,NA,NA,NA,NA,NA ,NA 
SF_1_PAST,Fagus sylvatica,A,59,59,NA,NA,NA,NA,NA,NA,NA,NA ,NA 
SF_1_PAST,Fagus sylvatica,A,86,86,NA,NA,NA,NA,NA,NA,NA,NA ,NA 
SF_1_PAST,Sorbus aucuparia,A,21.2,21.2,NA,NA,NA,NA,NA,NA,NA,NA ,NA 
SF_1_PAST,Sorbus aucuparia,D,9.5,9.5,NA,NA,NA,NA,NA,NA,NA,NA ,NA 
SF_1_PAST,Sorbus aucuparia,A,26,26,NA,NA,NA,NA,NA,NA,NA,NA ,NA 
SF_1_PAST,Sorbus aucuparia,D,22.2,22.2,NA,NA,NA,NA,NA,NA,NA,NA ,NA 
SF_1_PAST,Sorbus aucuparia,A,22.5,22.5,NA,NA,NA,NA,NA,NA,NA,NA ,NA 
SF_1_PAST,Fagus sylvatica,A,32.2,32.2,NA,NA,NA,NA,NA,NA,NA,NA ,NA 
SF_1_PAST,Sorbus aucuparia,A,33.5,33.5,NA,NA,NA,NA,NA,NA,NA,NA ,NA 
SF_1_PAST,Sorbus aucuparia,A,30.3,30.3,NA,NA,NA,NA,NA,NA,NA,NA ,NA 
SF_1_PAST,Sorbus aucuparia,A,15.8,15.8,NA,NA,NA,NA,NA,NA,NA,NA ,NA 
SF_1_PAST,Quercus pubescens,A,23.3,23.3,NA,NA,NA,NA,NA,NA,NA,NA ,NA 
SF_1_PAST,Quercus pubescens,A,17.6,17.6,NA,NA,NA,NA,NA,NA,NA,NA ,NA 
SF_1_PAST,Quercus pubescens,A,9.2,9.2,NA,NA,NA,NA,NA,NA,NA,NA ,NA 
SF_1_PAST,Sorbus aucuparia,D,9.6,9.6,NA,NA,NA,NA,NA,NA,NA,NA ,NA 
SF_1_PAST,Quercus pubescens,A,14.9,14.9,NA,NA,NA,NA,NA,NA,NA,NA ,NA 
SF_4A_LONG,Fagus sylvatica,A,27.4,27.4,NA,NA,NA,NA,NA,NA,NA,NA ,2.2
SF_4A_LONG,Fagus sylvatica,A,32.1,32.1,NA,NA,NA,NA,NA,NA,NA,NA ,7.69
SF_4A_LONG,Fagus sylvatica,A,32.6,32.6,NA,NA,NA,NA,NA,NA,NA,NA ,8.82
SF_4A_LONG,Fagus sylvatica,A,17.6,17.6,NA,NA,NA,NA,NA,NA,NA,NA ,14.31
SF_4A_LONG,Fagus sylvatica,A,16.4,16.4,NA,NA,NA,NA,NA,NA,NA,NA ,11.18
SF_4A_LONG,Fagus sylvatica,A,38.4,38.4,NA,NA,NA,NA,NA,NA,NA,NA ,10.1
SF_4A_LONG,Fagus sylvatica,A,34.8,34.8,NA,NA,NA,NA,NA,NA,NA,NA ,4.33
SF_4A_LONG,Fagus sylvatica,A,33,33,NA,NA,NA,NA,NA,NA,NA,NA ,7.77
SF_4A_LONG,Fagus sylvatica,A,45.1,28.5,16.6,NA,NA,NA,NA,NA,NA,2 stems,12.08
SF_4A_LONG,Fagus sylvatica,A,39,39,NA,NA,NA,NA,NA,NA,NA,NA ,12.67
SF_4A_LONG,Fagus sylvatica,A,42.2,34,8.2,NA,NA,NA,NA,NA,NA,2 stems,13.74
SF_4A_LONG,Fagus sylvatica,A,47.5,25.3,22.2,NA,NA,NA,NA,NA,NA,2 stems,14.07
SF_4A_LONG,Fagus sylvatica,A,64.5,39.8,24.7,NA,NA,NA,NA,NA,NA,2 stems,14.75
SF_4A_LONG,Fagus sylvatica,A,34.8,26.1,8.7,NA,NA,NA,NA,NA,NA,2 stems,12.6
SF_4A_LONG,Fagus sylvatica,A,36,36,NA,NA,NA,NA,NA,NA,NA,NA ,12.31
SF_4A_LONG,Fagus sylvatica,A,42.8,42.8,NA,NA,NA,NA,NA,NA,NA,NA ,14.4
SF_4A_LONG,Fagus sylvatica,A,29.6,29.6,NA,NA,NA,NA,NA,NA,NA,NA ,6.61
SF_4A_LONG,Fagus sylvatica,A,36.7,36.7,NA,NA,NA,NA,NA,NA,NA,NA ,10.33
SF_4A_LONG,Fagus sylvatica,A,58.3,47.5,10.8,NA,NA,NA,NA,NA,NA,2 stems,13.15
SF_4A_LONG,Fagus sylvatica,A,44.8,44.8,NA,NA,NA,NA,NA,NA,NA,NA ,12.29
SF_4A_LONG,Fagus sylvatica,A,68.9,35.8,33.1,NA,NA,NA,NA,NA,NA,2 stems,5.58
SF_4A_LONG,Fagus sylvatica,A,32.8,32.8,NA,NA,NA,NA,NA,NA,NA,NA ,13.71
SF_4A_LONG,Fagus sylvatica,A,61.6,61.6,NA,NA,NA,NA,NA,NA,NA,NA ,13.71
SF_4A_LONG,Fagus sylvatica,A,14.2,14.2,NA,NA,NA,NA,NA,NA,NA,NA ,13.85
SF_4A_LONG,Fagus sylvatica,A,28.1,28.1,NA,NA,NA,NA,NA,NA,NA,NA ,13.11
SF_4A_LONG,Fagus sylvatica,A,93.4,51.5,41.9,NA,NA,NA,NA,NA,NA,2 stems,10.48
SF_4A_LONG,Fagus sylvatica,A,14.1,14.1,NA,NA,NA,NA,NA,NA,NA,NA ,8.3
SF_4A_LONG,Fagus sylvatica,A,55.8,13.9,13.1,28.8,NA,NA,NA,NA,NA,3 stems,7.01
SF_4A_LONG,Fagus sylvatica,A,56.3,17.1,16.7,22.5,NA,NA,NA,NA,NA,3 stems,9.3
SF_4A_LONG,Fagus sylvatica,A,72.1,41.5,30.6,NA,NA,NA,NA,NA,NA,2 stems,6.47
SF_4A_LONG,Fagus sylvatica,A,31.2,31.2,NA,NA,NA,NA,NA,NA,NA,NA ,7.75
SF_4A_LONG,Fagus sylvatica,A,31.1,31.1,NA,NA,NA,NA,NA,NA,NA,NA ,8.69
SF_4A_LONG,Fagus sylvatica,A,32.6,32.6,NA,NA,NA,NA,NA,NA,NA,NA ,12.32
SF_4A_LONG,Fagus sylvatica,A,26.4,26.4,NA,NA,NA,NA,NA,NA,NA,NA ,15
SF_4A_LONG,Fagus sylvatica,A,20.3,12.2,8.1,NA,NA,NA,NA,NA,NA,2 stems,14.8
SF_4A_LONG,Fagus sylvatica,A,21.2,21.2,NA,NA,NA,NA,NA,NA,NA,NA ,11.04
SF_4A_LONG,Fagus sylvatica,A,8.1,8.1,NA,NA,NA,NA,NA,NA,NA,NA ,14.96
SF_4A_LONG,Fagus sylvatica,A,33.8,33.8,NA,NA,NA,NA,NA,NA,NA,NA ,14.41
SF_4A_LONG,Fagus sylvatica,A,33.2,33.2,NA,NA,NA,NA,NA,NA,NA,NA ,13.1
SF_4A_LONG,Fagus sylvatica,A,44.5,44.5,NA,NA,NA,NA,NA,NA,NA,NA ,0.17
SF_4A_LONG,Fagus sylvatica,A,33.6,33.6,NA,NA,NA,NA,NA,NA,NA,NA ,13.32
SF_4A_LONG,Fagus sylvatica,A,26.9,17.4,9.5,NA,NA,NA,NA,NA,NA,2 stems,11.58
SF_4A_LONG,Fagus sylvatica,A,31.6,31.6,NA,NA,NA,NA,NA,NA,NA,NA ,8.35
SF_4A_LONG,Fagus sylvatica,A,13,13,NA,NA,NA,NA,NA,NA,NA,NA ,11.24
SF_4B_LONG,Fagus sylvatica,A,42.9,42.9,NA,NA,NA,NA,NA,NA,NA,NA ,0.68
SF_4B_LONG,Fagus sylvatica,A,55.8,55.8,NA,NA,NA,NA,NA,NA,NA,NA ,5.68
SF_4B_LONG,Fagus sylvatica,D,17,17,NA,NA,NA,NA,NA,NA,NA,NA ,8.42
SF_4B_LONG,Fagus sylvatica,A,9.3,9.3,NA,NA,NA,NA,NA,NA,NA,NA ,7.75
SF_4B_LONG,Fagus sylvatica,A,38.4,38.4,NA,NA,NA,NA,NA,NA,NA,NA ,6.52
SF_4B_LONG,Fagus sylvatica,D,8.6,8.6,NA,NA,NA,NA,NA,NA,NA,NA ,4
SF_4B_LONG,Fagus sylvatica,A,16,16,NA,NA,NA,NA,NA,NA,NA,NA ,2.09
SF_4B_LONG,Fagus sylvatica,A,30.5,30.5,NA,NA,NA,NA,NA,NA,NA,NA ,5.99
SF_4B_LONG,Fagus sylvatica,D,8,8,NA,NA,NA,NA,NA,NA,NA,NA ,5.24
SF_4B_LONG,Fagus sylvatica,A,82.1,60.5,21.6,NA,NA,NA,NA,NA,NA,2 stems,4.66
SF_4B_LONG,Fagus sylvatica,A,54.3,45.8,8.5,NA,NA,NA,NA,NA,NA,2 stems,11.9
SF_4B_LONG,Fagus sylvatica,A,32.9,32.9,NA,NA,NA,NA,NA,NA,NA,NA ,13.69
SF_4B_LONG,Fagus sylvatica,A,9.9,9.9,NA,NA,NA,NA,NA,NA,NA,NA ,14.32
SF_4B_LONG,Fagus sylvatica,A,35.5,35.5,NA,NA,NA,NA,NA,NA,NA,NA ,14.81
SF_4B_LONG,Fagus sylvatica,A,52.4,27,25.4,NA,NA,NA,NA,NA,NA,2 stems,8.02
SF_4B_LONG,Fagus sylvatica,A,37.5,37.5,NA,NA,NA,NA,NA,NA,NA,NA ,6.57
SF_4B_LONG,Fagus sylvatica,A,19.2,19.2,NA,NA,NA,NA,NA,NA,NA,NA ,14
SF_4B_LONG,Fagus sylvatica,A,13.5,13.5,NA,NA,NA,NA,NA,NA,NA,NA ,14.66
SF_4B_LONG,Fagus sylvatica,A,9.9,9.9,NA,NA,NA,NA,NA,NA,NA,NA ,12.16
SF_4B_LONG,Fagus sylvatica,D,16.1,16.1,NA,NA,NA,NA,NA,NA,NA,NA ,14.61
SF_4B_LONG,Fagus sylvatica,A,49.1,34.1,15,NA,NA,NA,NA,NA,NA,2 stems,11.93
SF_4B_LONG,Fagus sylvatica,A,30.7,30.7,NA,NA,NA,NA,NA,NA,NA,NA ,10.34
SF_4B_LONG,Fagus sylvatica,A,45,9,36,NA,NA,NA,NA,NA,NA,2 stems,6.68
SF_4B_LONG,Fagus sylvatica,A,37.4,37.4,NA,NA,NA,NA,NA,NA,NA,NA ,9.82
SF_4B_LONG,Fagus sylvatica,A,44.7,13.7,31,NA,NA,NA,NA,NA,NA,2 stems,13.91
SF_4B_LONG,Fagus sylvatica,A,30.5,30.5,NA,NA,NA,NA,NA,NA,NA,NA ,13.67
SF_4B_LONG,Fagus sylvatica,A,25.4,25.4,NA,NA,NA,NA,NA,NA,NA,NA ,9.84
SF_4B_LONG,Fagus sylvatica,A,33.7,33.7,NA,NA,NA,NA,NA,NA,NA,NA ,6.36
SF_4B_LONG,Fagus sylvatica,A,11.2,11.2,NA,NA,NA,NA,NA,NA,NA,NA ,6.43
SF_4B_LONG,Fagus sylvatica,A,49.1,49.1,NA,NA,NA,NA,NA,NA,NA,NA ,10.56
SF_4B_LONG,Fagus sylvatica,A,20.3,20.3,NA,NA,NA,NA,NA,NA,NA,NA ,13.41
SF_4B_LONG,Fagus sylvatica,A,16.5,16.5,NA,NA,NA,NA,NA,NA,NA,NA ,13.59
SF_4B_LONG,Fagus sylvatica,A,36.3,36.3,NA,NA,NA,NA,NA,NA,NA,NA ,10.38
SF_4B_LONG,Fagus sylvatica,A,16.1,16.1,NA,NA,NA,NA,NA,NA,NA,NA ,2.57
SF_5_LONG,Fagus sylvatica,A,18.7,18.7,NA,NA,NA,NA,NA,NA,NA,NA ,6.55
SF_5_LONG,Fagus sylvatica,A,19.5,19.5,NA,NA,NA,NA,NA,NA,NA,NA ,0.49
SF_5_LONG,Fagus sylvatica,A,19.5,19.5,NA,NA,NA,NA,NA,NA,NA,NA ,5.43
SF_5_LONG,Fagus sylvatica,A,10.8,10.8,NA,NA,NA,NA,NA,NA,NA,NA ,5.63
SF_5_LONG,Fagus sylvatica,A,21,21,NA,NA,NA,NA,NA,NA,NA,NA ,7.5
SF_5_LONG,Fagus sylvatica,D,13,13,NA,NA,NA,NA,NA,NA,NA,NA ,8.74
SF_5_LONG,Fagus sylvatica,A,8.1,8.1,NA,NA,NA,NA,NA,NA,NA,NA ,10.13
SF_5_LONG,Fagus sylvatica,A,17.2,17.2,NA,NA,NA,NA,NA,NA,NA,NA ,11.28
SF_5_LONG,Fagus sylvatica,A,17.3,17.3,NA,NA,NA,NA,NA,NA,NA,NA ,13.38
SF_5_LONG,Fagus sylvatica,A,21.6,13.7,7.9,NA,NA,NA,NA,NA,NA,2 stems,14.49
SF_5_LONG,Fagus sylvatica,A,10.6,10.6,NA,NA,NA,NA,NA,NA,NA,NA ,14.07
SF_5_LONG,Fagus sylvatica,A,17.7,17.7,NA,NA,NA,NA,NA,NA,NA,NA ,13.77
SF_5_LONG,Fagus sylvatica,D,14.3,14.3,NA,NA,NA,NA,NA,NA,NA,NA ,9.07
SF_5_LONG,Fagus sylvatica,A,18.2,18.2,NA,NA,NA,NA,NA,NA,NA,NA ,6.66
SF_5_LONG,Fagus sylvatica,A,30.5,19.6,10.9,NA,NA,NA,NA,NA,NA,2 stems,5.47
SF_5_LONG,Fagus sylvatica,A,16,16,NA,NA,NA,NA,NA,NA,NA,NA ,10.45
SF_5_LONG,Fagus sylvatica,A,13.8,13.8,NA,NA,NA,NA,NA,NA,NA,NA ,11.97
SF_5_LONG,Fagus sylvatica,A,17.7,17.7,NA,NA,NA,NA,NA,NA,NA,NA ,12.55
SF_5_LONG,Fagus sylvatica,A,16.6,16.6,NA,NA,NA,NA,NA,NA,NA,NA ,9.04
SF_5_LONG,Fagus sylvatica,A,8.6,8.6,NA,NA,NA,NA,NA,NA,NA,NA ,5.13
SF_5_LONG,Fagus sylvatica,A,32.3,20,12.3,NA,NA,NA,NA,NA,NA,2 stems,4.17
SF_5_LONG,Fagus sylvatica,A,13.7,13.7,NA,NA,NA,NA,NA,NA,NA,NA ,5.38
SF_5_LONG,Fagus sylvatica,A,13,13,NA,NA,NA,NA,NA,NA,NA,NA ,8.8
SF_5_LONG,Fagus sylvatica,A,8.7,8.7,NA,NA,NA,NA,NA,NA,NA,NA ,10.39
SF_5_LONG,Fagus sylvatica,A,27.1,14.3,12.8,NA,NA,NA,NA,NA,NA,2 stems,12.56
SF_5_LONG,Fagus sylvatica,A,22.4,22.4,NA,NA,NA,NA,NA,NA,NA,NA ,11.97
SF_5_LONG,Fagus sylvatica,D,19.2,19.2,NA,NA,NA,NA,NA,NA,NA,NA ,10.45
SF_5_LONG,Fagus sylvatica,A,22.5,22.5,NA,NA,NA,NA,NA,NA,NA,NA ,11.33
SF_5_LONG,Fagus sylvatica,A,22,22,NA,NA,NA,NA,NA,NA,NA,NA ,11.66
SF_5_LONG,Fagus sylvatica,D,13.3,13.3,NA,NA,NA,NA,NA,NA,NA,NA ,12.47
SF_5_LONG,Fagus sylvatica,A,12.4,12.4,NA,NA,NA,NA,NA,NA,NA,NA ,12.96
SF_5_LONG,Fagus sylvatica,D,22,22,NA,NA,NA,NA,NA,NA,NA,NA ,13.03
SF_5_LONG,Fagus sylvatica,A,8.5,8.5,NA,NA,NA,NA,NA,NA,NA,NA ,13.99
SF_5_LONG,Fagus sylvatica,A,12.1,12.1,NA,NA,NA,NA,NA,NA,NA,NA ,14.52
SF_5_LONG,Fagus sylvatica,A,17,17,NA,NA,NA,NA,NA,NA,NA,NA ,11.83
SF_5_LONG,Fagus sylvatica,A,13.1,13.1,NA,NA,NA,NA,NA,NA,NA,NA ,7.86
SF_5_LONG,Fagus sylvatica,A,9.6,9.6,NA,NA,NA,NA,NA,NA,NA,NA ,6.17
SF_5_LONG,Fagus sylvatica,D,24.5,24.5,NA,NA,NA,NA,NA,NA,NA,NA ,5.35
SF_5_LONG,Fagus sylvatica,A,14.2,14.2,NA,NA,NA,NA,NA,NA,NA,NA ,4.85
SF_5_LONG,Fagus sylvatica,A,9.2,9.2,NA,NA,NA,NA,NA,NA,NA,NA ,3.58
SF_5_LONG,Fagus sylvatica,A,12.3,12.3,NA,NA,NA,NA,NA,NA,NA,NA ,4.07
SF_5_LONG,Fagus sylvatica,A,18.8,18.8,NA,NA,NA,NA,NA,NA,NA,NA ,6.97
SF_5_LONG,Fagus sylvatica,A,20.8,20.8,NA,NA,NA,NA,NA,NA,NA,NA ,5.84
SF_5_LONG,Fagus sylvatica,A,10,10,NA,NA,NA,NA,NA,NA,NA,NA ,4.34
SF_5_PAST,Fagus sylvatica,A,53.8,53.8,NA,NA,NA,NA,NA,NA,NA,NA ,9.28
SF_5_PAST,Fagus sylvatica,A,73,73,NA,NA,NA,NA,NA,NA,NA,NA ,7.17
SF_5_PAST,Fagus sylvatica,A,50.1,50.1,NA,NA,NA,NA,NA,NA,NA,NA ,12.48
SF_5_PAST,Fagus sylvatica,A,60.2,60.2,NA,NA,NA,NA,NA,NA,NA,NA ,9.27
SF_5_PAST,Fagus sylvatica,D,10.4,10.4,NA,NA,NA,NA,NA,NA,NA,NA ,9.26
SF_5_PAST,Fagus sylvatica,A,97.69,76.39,21.3,NA,NA,NA,NA,NA,NA,2 stems,13.61
SF_5_PAST,Fagus sylvatica,A,111.48,60.48,25,26,NA,NA,NA,NA,NA,3 stems,9.77
SF_5_PAST,Fagus sylvatica,A,54.8,17.3,16.7,13.3,7.5,NA,NA,NA,NA,4 stems,14.67
SF_6_PAST,Fraxinus excelsior,A,40.9,40.9,NA,NA,NA,NA,NA,NA,NA,NA ,NA 
SF_6_PAST,Sorbus aria,A,60.1,24.2,18,17.9,NA,NA,NA,NA,NA,3 stems,NA 
SF_6_PAST,Fagus sylvatica,A,42.9,42.9,NA,NA,NA,NA,NA,NA,NA,NA ,NA 
SF_6_PAST,Fagus sylvatica,D,34,34,NA,NA,NA,NA,NA,NA,NA,NA ,NA 
SF_6_PAST,Fagus sylvatica,A,32.5,32.5,NA,NA,NA,NA,NA,NA,NA,NA ,NA 
SF_6_PAST,Fagus sylvatica,A,38.2,38.2,NA,NA,NA,NA,NA,NA,NA,NA ,NA 
SF_6_PAST,Fagus sylvatica,A,57.8,40.9,16.9,NA,NA,NA,NA,NA,NA,2 stems,NA 
SF_6_PAST,Fagus sylvatica,A,35.8,35.8,NA,NA,NA,NA,NA,NA,NA,NA ,NA 
SF_6_PAST,Fagus sylvatica,A,16,16,NA,NA,NA,NA,NA,NA,NA,NA ,NA 
SF_6_PAST,Fagus sylvatica,A,12.5,12.5,NA,NA,NA,NA,NA,NA,NA,NA ,NA 
SF_6_PAST,Fagus sylvatica,A,48.1,48.1,NA,NA,NA,NA,NA,NA,NA,NA ,NA 
SF_6_PAST,Fagus sylvatica,A,38.1,38.1,NA,NA,NA,NA,NA,NA,NA,NA ,NA 
SF_6_PAST,Fagus sylvatica,A,46,46,NA,NA,NA,NA,NA,NA,NA,NA ,NA 
SF_6_PAST,Fagus sylvatica,A,8,8,NA,NA,NA,NA,NA,NA,NA,NA ,NA 
SF_6_PAST,Fagus sylvatica,A,37.2,37.2,NA,NA,NA,NA,NA,NA,NA,NA ,NA 
SF_6_PAST,Fagus sylvatica,A,24.5,24.5,NA,NA,NA,NA,NA,NA,NA,NA ,NA 
SF_6_PAST,Fagus sylvatica,A,37,37,NA,NA,NA,NA,NA,NA,NA,NA ,NA 
SF_6_PAST,Fagus sylvatica,A,35.6,35.6,NA,NA,NA,NA,NA,NA,NA,NA ,NA 
SF_6_PAST,Fagus sylvatica,A,38.4,38.4,NA,NA,NA,NA,NA,NA,NA,NA ,NA 
SF_6_PAST,Fagus sylvatica,A,14.8,14.8,NA,NA,NA,NA,NA,NA,NA,NA ,NA 
SF_6_PAST,Fagus sylvatica,A,51,51,NA,NA,NA,NA,NA,NA,NA,NA ,NA 
SF_6_PAST,Fagus sylvatica,A,13.4,13.4,NA,NA,NA,NA,NA,NA,NA,NA ,NA 
SF_6_PAST,Fagus sylvatica,A,37.7,37.7,NA,NA,NA,NA,NA,NA,NA,NA ,NA 
SF_6_PAST,Sorbus aria,D,14,14,NA,NA,NA,NA,NA,NA,NA,NA ,NA 
SF_6_PAST,Castanea sativa,A,24,24,NA,NA,NA,NA,NA,NA,NA,NA ,NA 
SF_6_PAST,Fagus sylvatica,A,49.2,49.2,NA,NA,NA,NA,NA,NA,NA,NA ,NA 
SF_6_PAST,Castanea sativa,A,59,29.1,29.9,NA,NA,NA,NA,NA,NA,2 stems,NA 
SF_7_LONG,Fagus sylvatica,A,16.5,16.5,NA,NA,NA,NA,NA,NA,NA,NA ,NA 
SF_7_LONG,Fagus sylvatica,D,12.7,12.7,NA,NA,NA,NA,NA,NA,NA,NA ,NA 
SF_7_LONG,Fagus sylvatica,A,17,17,NA,NA,NA,NA,NA,NA,NA,NA ,NA 
SF_7_LONG,Fagus sylvatica,D,16.4,16.4,NA,NA,NA,NA,NA,NA,NA,NA ,NA 
SF_7_LONG,Fagus sylvatica,A,26.4,26.4,NA,NA,NA,NA,NA,NA,NA,NA ,NA 
SF_7_LONG,Fagus sylvatica,A,7.7,7.7,NA,NA,NA,NA,NA,NA,NA,NA ,NA 
SF_7_LONG,Fagus sylvatica,A,15.8,15.8,NA,NA,NA,NA,NA,NA,NA,NA ,NA 
SF_7_LONG,Fagus sylvatica,A,42.2,22.5,19.7,NA,NA,NA,NA,NA,NA,2 stems,NA 
SF_7_LONG,Fagus sylvatica,D,21.4,21.4,NA,NA,NA,NA,NA,NA,NA,NA ,NA 
SF_7_LONG,Fagus sylvatica,A,23.4,23.4,NA,NA,NA,NA,NA,NA,NA,NA ,NA 
SF_7_LONG,Fagus sylvatica,A,11.4,11.4,NA,NA,NA,NA,NA,NA,NA,NA ,NA 
SF_7_LONG,Fagus sylvatica,A,14.9,14.9,NA,NA,NA,NA,NA,NA,NA,NA ,NA 
SF_7_LONG,Fagus sylvatica,D,19.4,19.4,NA,NA,NA,NA,NA,NA,NA,NA ,NA 
SF_7_LONG,Fagus sylvatica,A,18.8,18.8,NA,NA,NA,NA,NA,NA,NA,NA ,NA 
SF_7_LONG,Fagus sylvatica,A,25.7,25.7,NA,NA,NA,NA,NA,NA,NA,NA ,NA 
SF_7_LONG,Fagus sylvatica,A,10.3,10.3,NA,NA,NA,NA,NA,NA,NA,NA ,NA 
SF_7_LONG,Fagus sylvatica,A,8.1,8.1,NA,NA,NA,NA,NA,NA,NA,NA ,NA 
SF_7_LONG,Fagus sylvatica,A,23.5,23.5,NA,NA,NA,NA,NA,NA,NA,NA ,NA 
SF_7_LONG,Fagus sylvatica,A,22,22,NA,NA,NA,NA,NA,NA,NA,NA ,NA 
SF_7_LONG,Fagus sylvatica,A,15.8,15.8,NA,NA,NA,NA,NA,NA,NA,NA ,NA 
SF_7_LONG,Fagus sylvatica,A,25.4,25.4,NA,NA,NA,NA,NA,NA,NA,NA ,NA 
SF_7_LONG,Fagus sylvatica,D,16.4,16.4,NA,NA,NA,NA,NA,NA,NA,NA ,NA 
SF_7_LONG,Fagus sylvatica,D,8.6,8.6,NA,NA,NA,NA,NA,NA,NA,NA ,NA 
SF_7_LONG,Fagus sylvatica,A,15.5,15.5,NA,NA,NA,NA,NA,NA,NA,NA ,NA 
SF_7_LONG,Fagus sylvatica,D,13.2,13.2,NA,NA,NA,NA,NA,NA,NA,NA ,NA 
SF_7_LONG,Fagus sylvatica,A,15.2,15.2,NA,NA,NA,NA,NA,NA,NA,NA ,NA 
SF_7_LONG,Fagus sylvatica,A,29.4,29.4,NA,NA,NA,NA,NA,NA,NA,NA ,NA 
SF_7_LONG,Fagus sylvatica,A,22.7,22.7,NA,NA,NA,NA,NA,NA,NA,NA ,NA 
SF_7_LONG,Fagus sylvatica,A,18.3,18.3,NA,NA,NA,NA,NA,NA,NA,NA ,NA 
SF_7_LONG,Fagus sylvatica,A,7.6,7.6,NA,NA,NA,NA,NA,NA,NA,NA ,NA 
SF_7_LONG,Fagus sylvatica,A,18.2,18.2,NA,NA,NA,NA,NA,NA,NA,NA ,NA 
SF_7_LONG,Fagus sylvatica,D,13.2,13.2,NA,NA,NA,NA,NA,NA,NA,NA ,NA 
SF_7_LONG,Fagus sylvatica,D,14.9,14.9,NA,NA,NA,NA,NA,NA,NA,NA ,NA 
SF_7_LONG,Fagus sylvatica,A,21.2,21.2,NA,NA,NA,NA,NA,NA,NA,NA ,NA 
SF_7_LONG,Fagus sylvatica,D,15.4,15.4,NA,NA,NA,NA,NA,NA,NA,NA ,NA 
SF_7_LONG,Fagus sylvatica,D,21,21,NA,NA,NA,NA,NA,NA,NA,NA ,NA 
SF_7_LONG,Fagus sylvatica,A,20.2,20.2,NA,NA,NA,NA,NA,NA,NA,NA ,NA 
SF_7_LONG,Fagus sylvatica,A,20.3,20.3,NA,NA,NA,NA,NA,NA,NA,NA ,NA 
SF_7_LONG,Fagus sylvatica,A,15,15,NA,NA,NA,NA,NA,NA,NA,NA ,NA 
SF_7_LONG,Fagus sylvatica,A,18,18,NA,NA,NA,NA,NA,NA,NA,NA ,NA 
SF_7_LONG,Fagus sylvatica,D,11.6,11.6,NA,NA,NA,NA,NA,NA,NA,NA ,NA 
SF_7_LONG,Fagus sylvatica,A,9.3,9.3,NA,NA,NA,NA,NA,NA,NA,NA ,NA 
SF_7_LONG,Fagus sylvatica,A,15.9,15.9,NA,NA,NA,NA,NA,NA,NA,NA ,NA 
SF_7_LONG,Fagus sylvatica,A,8.5,8.5,NA,NA,NA,NA,NA,NA,NA,NA ,NA 
SF_7_LONG,Fagus sylvatica,A,17.5,17.5,NA,NA,NA,NA,NA,NA,NA,NA ,NA 
SF_7_LONG,Fagus sylvatica,A,16.6,16.6,NA,NA,NA,NA,NA,NA,NA,NA ,NA 
SF_7_LONG,Fagus sylvatica,D,13.7,13.7,NA,NA,NA,NA,NA,NA,NA,NA ,NA 
SF_7_LONG,Fagus sylvatica,A,17,17,NA,NA,NA,NA,NA,NA,NA,NA ,NA 
SF_7_LONG,Fagus sylvatica,A,8.9,8.9,NA,NA,NA,NA,NA,NA,NA,NA ,NA 
SF_7_LONG,Fagus sylvatica,A,9.6,9.6,NA,NA,NA,NA,NA,NA,NA,NA ,NA 
SF_7_LONG,Fagus sylvatica,A,10.3,10.3,NA,NA,NA,NA,NA,NA,NA,NA ,NA 
SF_7_LONG,Fagus sylvatica,D,12.1,12.1,NA,NA,NA,NA,NA,NA,NA,NA ,NA 
SF_7_LONG,Fagus sylvatica,A,10.4,10.4,NA,NA,NA,NA,NA,NA,NA,NA ,NA 
SF_7_LONG,Fagus sylvatica,A,8.4,8.4,NA,NA,NA,NA,NA,NA,NA,NA ,NA 
SF_7_LONG,Fagus sylvatica,A,11.4,11.4,NA,NA,NA,NA,NA,NA,NA,NA ,NA 
SF_7_LONG,Fagus sylvatica,A,15.3,15.3,NA,NA,NA,NA,NA,NA,NA,NA ,NA 
SF_7_LONG,Fagus sylvatica,A,11.6,11.6,NA,NA,NA,NA,NA,NA,NA,NA ,NA 
SF_7_LONG,Fagus sylvatica,A,12.2,12.2,NA,NA,NA,NA,NA,NA,NA,NA ,NA 
SF_7_LONG,Fagus sylvatica,A,10.6,10.6,NA,NA,NA,NA,NA,NA,NA,NA ,NA 
SF_7_LONG,Fagus sylvatica,D,9.5,9.5,NA,NA,NA,NA,NA,NA,NA,NA ,NA 
SF_7_LONG,Fagus sylvatica,A,7.4,7.4,NA,NA,NA,NA,NA,NA,NA,NA ,NA 
SF_7_LONG,Fagus sylvatica,D,12.6,12.6,NA,NA,NA,NA,NA,NA,NA,NA ,NA 
SF_7_LONG,Fagus sylvatica,A,8.9,8.9,NA,NA,NA,NA,NA,NA,NA,NA ,NA 
SF_7_LONG,Fagus sylvatica,A,17,17,NA,NA,NA,NA,NA,NA,NA,NA ,NA 
SF_7_LONG,Fagus sylvatica,A,23.7,23.7,NA,NA,NA,NA,NA,NA,NA,NA ,NA 
SF_7_LONG,Fagus sylvatica,A,18.4,18.4,NA,NA,NA,NA,NA,NA,NA,NA ,NA 
SF_7_LONG,Fagus sylvatica,A,14.1,14.1,NA,NA,NA,NA,NA,NA,NA,NA ,NA 
SF_7_LONG,Fagus sylvatica,A,23.2,23.2,NA,NA,NA,NA,NA,NA,NA,NA ,NA 
SF_7_LONG,Fagus sylvatica,A,18.1,18.1,NA,NA,NA,NA,NA,NA,NA,NA ,NA 
SF_7_LONG,Fagus sylvatica,A,17,17,NA,NA,NA,NA,NA,NA,NA,NA ,NA 
SF_7_LONG,Fagus sylvatica,D,14,14,NA,NA,NA,NA,NA,NA,NA,NA ,NA 
SF_7_LONG,Fagus sylvatica,A,11.9,11.9,NA,NA,NA,NA,NA,NA,NA,NA ,NA 
SF_7_LONG,Fagus sylvatica,D,11.5,11.5,NA,NA,NA,NA,NA,NA,NA,NA ,NA 
SF_7_LONG,Fagus sylvatica,D,9.8,9.8,NA,NA,NA,NA,NA,NA,NA,NA ,NA 
SF_7_LONG,Fagus sylvatica,A,20.7,20.7,NA,NA,NA,NA,NA,NA,NA,NA ,NA 
SF_7_LONG,Fagus sylvatica,D,9.6,9.6,NA,NA,NA,NA,NA,NA,NA,NA ,NA 
SF_7_LONG,Fagus sylvatica,A,8.9,8.9,NA,NA,NA,NA,NA,NA,NA,NA ,NA 
SF_7_PAST,Fagus sylvatica,A,366.5,17.18873385,33.42253805,16.55211408,12.25493062,37.24225668,NA,NA,NA,5 stems,4.27
SF_7_PAST,Fagus sylvatica,A,69,12.73239545,9.230986699,NA,NA,NA,NA,NA,NA,2 stems,5.2
SF_7_PAST,Ilex aquifolium,D,33.5,10.66338119,NA,NA,NA,NA,NA,NA,NA,NA ,10.6
SF_7_PAST,Ilex aquifolium,A,33,10.50422624,NA,NA,NA,NA,NA,NA,NA,NA ,10.29
SF_7_PAST,Fagus sylvatica,A,88.5,28.17042493,NA,NA,NA,NA,NA,NA,NA,NA ,12.28
SF_7_PAST,Fagus sylvatica,A,99,31.51267873,NA,NA,NA,NA,NA,NA,NA,NA ,12.6
SF_7_PAST,Fagus sylvatica,A,55,17.50704374,NA,NA,NA,NA,NA,NA,NA,NA ,12.59
SF_7_PAST,Fagus sylvatica,A,40,12.73239545,NA,NA,NA,NA,NA,NA,NA,NA ,11.35
SF_7_PAST,Fagus sylvatica,A,47,14.96056465,NA,NA,NA,NA,NA,NA,NA,NA ,13.82
SF_7_PAST,Fagus sylvatica,D,35,11.14084602,NA,NA,NA,NA,NA,NA,NA,NA ,14.19
SF_7_PAST,Fagus sylvatica,A,141,10.18591636,11.4591559,8.276057041,7.002817496,7.957747155,NA,NA,NA,5 stems,6.67
SF_7_PAST,Fagus sylvatica,A,27,8.594366927,NA,NA,NA,NA,NA,NA,NA,NA ,6.97
SF_7_PAST,Fagus sylvatica,A,100,31.83098862,NA,NA,NA,NA,NA,NA,NA,NA ,7.01
SF_7_PAST,Fagus sylvatica,A,92,29.28450953,NA,NA,NA,NA,NA,NA,NA,NA ,7.02
SF_7_PAST,Fagus sylvatica,A,103,32.78591828,NA,NA,NA,NA,NA,NA,NA,NA ,8.03
SF_7_PAST,Fagus sylvatica,A,34,10.82253613,NA,NA,NA,NA,NA,NA,NA,NA ,13.26
SF_7_PAST,Fagus sylvatica,A,40,7.957747155,4.774648293,NA,NA,NA,NA,NA,NA,2 stems,14.19
SF_7_PAST,Fagus sylvatica,A,35,11.14084602,NA,NA,NA,NA,NA,NA,NA,NA ,8.31
SF_7_PAST,Fagus sylvatica,A,46,14.64225476,NA,NA,NA,NA,NA,NA,NA,NA ,9.09
SF_7_PAST,Fagus sylvatica,A,109,34.69577759,NA,NA,NA,NA,NA,NA,NA,NA ,9.11
SF_7_PAST,Fagus sylvatica,A,45,14.32394488,NA,NA,NA,NA,NA,NA,NA,NA ,9.35
SF_7_PAST,Fagus sylvatica,A,284,16.55211408,35.01408748,14.96056465,16.87042397,7.002817496,NA,NA,NA,5 stems,10.14
SF_7_PAST,Fagus sylvatica,A,92,29.28450953,NA,NA,NA,NA,NA,NA,NA,NA ,12.95
SF_7_PAST,Fagus sylvatica,A,131,28.01126998,13.68732511,NA,NA,NA,NA,NA,NA,2 stems,11.69
SF_7_PAST,Fagus sylvatica,A,18,5.729577951,NA,NA,NA,NA,NA,NA,NA,NA ,11.06
SF_7_PAST,Fagus sylvatica,A,117,23.55493158,13.68732511,NA,NA,NA,NA,NA,NA,2 stems,9
SF_7_PAST,Fagus sylvatica,D,72,22.91831181,NA,NA,NA,NA,NA,NA,NA,NA ,9.99
SF_7_PAST,Fagus sylvatica,D,44,14.00563499,NA,NA,NA,NA,NA,NA,NA,NA ,13.36
SF_7_PAST,Fagus sylvatica,D,33,10.50422624,NA,NA,NA,NA,NA,NA,NA,NA ,12.93
SF_7_PAST,Fagus sylvatica,D,85,27.05634033,NA,NA,NA,NA,NA,NA,NA,NA ,11.9
SF_7_PAST,Fagus sylvatica,A,427.59,7.639437268,24.50986124,8.435211984,18.60202975,17.31605781,21.75648072,7.766761223,30.08028424,8 stems,4.28
SF_7_PAST,Fagus sylvatica,A,364.5,7.321127382,14.48309982,21.96338215,20.6901426,18.4619734,24.82817112,8.276057041,NA,7 stems,7.24
SF_7_PAST,Fagus sylvatica,D,67.5,21.48591732,NA,NA,NA,NA,NA,NA,NA,NA ,7.57
SF_7_PAST,Fagus sylvatica,A,227,16.87042397,7.321127382,6.366197724,9.549296586,14.32394488,17.82535363,NA,NA,6 stems ,9.69
SF_7_PAST,Fagus sylvatica,A,55,17.50704374,NA,NA,NA,NA,NA,NA,NA,NA ,12.4
SF_7_PAST,Ilex aquifolium,D,31,9.867606472,NA,NA,NA,NA,NA,NA,NA,NA ,12.44
SF_7_PAST,Fagus sylvatica,A,54,17.18873385,NA,NA,NA,NA,NA,NA,NA,NA ,10.11
SF_7_PAST,Fagus sylvatica,A,25,7.957747155,NA,NA,NA,NA,NA,NA,NA,NA ,13.35
SF_7_PAST,Fagus sylvatica,A,111,35.33239737,NA,NA,NA,NA,NA,NA,NA,NA ,12.4
SF_7_PAST,Fagus sylvatica,A,21,6.68450761,NA,NA,NA,NA,NA,NA,NA,NA ,13.01
SF_7_PAST,Fagus sylvatica,A,55,17.50704374,NA,NA,NA,NA,NA,NA,NA,NA ,13.31
SF_7_PAST,Fagus sylvatica,A,108,34.37746771,NA,NA,NA,NA,NA,NA,NA,NA ,8.6
SF_7_PAST,Fagus sylvatica,D,114.5,17.02957891,19.41690306,NA,NA,NA,NA,NA,NA,2 stems,14.27
SF_7_PAST,Fagus sylvatica,D,66.4,21.13577644,NA,NA,NA,NA,NA,NA,NA,NA ,14.36
SF_7_PAST,Fagus sylvatica,D,20,6.366197724,NA,NA,NA,NA,NA,NA,NA,NA ,13.41
SF_7_PAST,Fagus sylvatica,A,149,37.56056657,9.867606472,NA,NA,NA,NA,NA,NA,2 stems,14.76
SF_7_PAST,Fagus sylvatica,A,24,7.639437268,NA,NA,NA,NA,NA,NA,NA,NA ,14.35
SF_7_PAST,Fagus sylvatica,A,119,37.87887646,NA,NA,NA,NA,NA,NA,NA,NA ,9.13
SF_7_PAST,Castanea sativa,A,44,14.00563499,NA,NA,NA,NA,NA,NA,NA,NA ,14.09
SF_7_PAST,Quercus ilex,A,57,18.14366351,NA,NA,NA,NA,NA,NA,NA,NA ,14.74
SF_7_PAST,Juniperus communis,A,30,9.549296586,NA,NA,NA,NA,NA,NA,NA,NA ,7.58
SF_8_LONG,Fagus sylvatica,A,44.6,44.6,NA,NA,NA,NA,NA,NA,NA,NA ,12.55
SF_8_LONG,Fagus sylvatica,A,32.1,32.1,NA,NA,NA,NA,NA,NA,NA,NA ,11.56
SF_8_LONG,Fagus sylvatica,A,23,23,NA,NA,NA,NA,NA,NA,NA,NA ,11.8
SF_8_LONG,Fagus sylvatica,A,15.7,15.7,NA,NA,NA,NA,NA,NA,NA,NA ,11.73
SF_8_LONG,Fagus sylvatica,A,51.5,10.5,12.1,28.9,NA,NA,NA,NA,NA,3 stems,11.82
SF_8_LONG,Fagus sylvatica,A,10.4,10.4,NA,NA,NA,NA,NA,NA,NA,NA ,10.6
SF_8_LONG,Fagus sylvatica,A,34.8,34.8,NA,NA,NA,NA,NA,NA,NA,NA ,10.83
SF_8_LONG,Fagus sylvatica,A,19.3,8.2,11.1,NA,NA,NA,NA,NA,NA,2 stems,11.67
SF_8_LONG,Fagus sylvatica,A,30.5,30.5,NA,NA,NA,NA,NA,NA,NA,NA ,2.62
SF_8_LONG,Fagus sylvatica,A,18.5,18.5,NA,NA,NA,NA,NA,NA,NA,NA ,5.42
SF_8_LONG,Fagus sylvatica,A,35,35,NA,NA,NA,NA,NA,NA,NA,NA ,9.61
SF_8_LONG,Fagus sylvatica,A,20.5,20.5,NA,NA,NA,NA,NA,NA,NA,NA ,7.39
SF_8_LONG,Fagus sylvatica,A,21.6,21.6,NA,NA,NA,NA,NA,NA,NA,NA ,10.5
SF_8_LONG,Fagus sylvatica,A,13,13,NA,NA,NA,NA,NA,NA,NA,NA ,9.45
SF_8_LONG,Fagus sylvatica,A,39.8,39.8,NA,NA,NA,NA,NA,NA,NA,NA ,12.4
SF_8_LONG,Fagus sylvatica,A,11.6,11.6,NA,NA,NA,NA,NA,NA,NA,NA ,14.81
SF_8_LONG,Fagus sylvatica,D,27.1,15.3,11.8,NA,NA,NA,NA,NA,NA,2 stems,13.22
SF_8_LONG,Fagus sylvatica,A,9.9,9.9,NA,NA,NA,NA,NA,NA,NA,NA ,7.24
SF_8_LONG,Fagus sylvatica,A,7.8,7.8,NA,NA,NA,NA,NA,NA,NA,NA ,6.77
SF_8_LONG,Fagus sylvatica,A,24.7,15,9.7,NA,NA,NA,NA,NA,NA,2 stems,1.58
SF_8_LONG,Fagus sylvatica,A,23.6,23.6,NA,NA,NA,NA,NA,NA,NA,NA ,4.63
SF_8_LONG,Fagus sylvatica,A,17.1,17.1,NA,NA,NA,NA,NA,NA,NA,NA ,7.65
SF_8_LONG,Fagus sylvatica,A,23.9,23.9,NA,NA,NA,NA,NA,NA,NA,NA ,9.33
SF_8_LONG,Fagus sylvatica,A,8,8,NA,NA,NA,NA,NA,NA,NA,NA ,9.61
SF_8_LONG,Fagus sylvatica,A,51.3,8.5,14.3,9.1,8.3,11.1,NA,NA,NA,5 stems,10.67
SF_8_LONG,Fagus sylvatica,A,15.9,15.9,NA,NA,NA,NA,NA,NA,NA,NA ,14.95
SF_8_LONG,Fagus sylvatica,A,27.6,27.6,NA,NA,NA,NA,NA,NA,NA,NA ,12.46
SF_8_LONG,Fagus sylvatica,A,30.3,30.3,NA,NA,NA,NA,NA,NA,NA,NA ,10.93
SF_8_LONG,Fagus sylvatica,A,23.7,23.7,NA,NA,NA,NA,NA,NA,NA,NA ,6.79
SF_8_LONG,Fagus sylvatica,A,27,27,NA,NA,NA,NA,NA,NA,NA,NA ,5.67
SF_8_LONG,Fagus sylvatica,A,24.1,24.1,NA,NA,NA,NA,NA,NA,NA,NA ,4
SF_8_LONG,Fagus sylvatica,A,15.5,15.5,NA,NA,NA,NA,NA,NA,NA,NA ,10.13
SF_8_LONG,Fagus sylvatica,A,16.9,16.9,NA,NA,NA,NA,NA,NA,NA,NA ,13.08
SF_8_LONG,Fagus sylvatica,A,33.6,33.6,NA,NA,NA,NA,NA,NA,NA,NA ,10.32
SF_8_LONG,Fagus sylvatica,A,25.1,25.1,NA,NA,NA,NA,NA,NA,NA,NA ,5.83
SF_8_LONG,Fagus sylvatica,A,30,30,NA,NA,NA,NA,NA,NA,NA,NA ,1.75
SF_8_LONG,Fagus sylvatica,A,8.4,8.4,NA,NA,NA,NA,NA,NA,NA,NA ,2.75
SF_8_LONG,Fagus sylvatica,A,29.2,11.2,9.7,8.3,NA,NA,NA,NA,NA,3 stems,3.81
SF_9_PAST,Quercus ilex,A,31.7,31.7,NA,NA,NA,NA,NA,NA,NA,NA ,NA 
SF_9_PAST,Quercus ilex,A,22.1,22.1,NA,NA,NA,NA,NA,NA,NA,NA ,NA 
SF_9_PAST,Quercus ilex,A,10.5,10.5,NA,NA,NA,NA,NA,NA,NA,NA ,NA 
SF_9_PAST,Quercus ilex,A,24,24,NA,NA,NA,NA,NA,NA,NA,NA ,NA 
SF_9_PAST,Quercus ilex,A,13.4,13.4,NA,NA,NA,NA,NA,NA,NA,NA ,NA 
SF_9_PAST,Quercus ilex,A,20.7,20.7,NA,NA,NA,NA,NA,NA,NA,NA ,NA 
SF_9_PAST,Quercus ilex,A,31.7,31.7,NA,NA,NA,NA,NA,NA,NA,NA ,NA 
SF_9_PAST,Quercus ilex,A,16.1,16.1,NA,NA,NA,NA,NA,NA,NA,NA ,NA 
SF_9_PAST,Quercus ilex,A,60.3,44.6,15.7,NA,NA,NA,NA,NA,NA,2 stems,NA 
SF_9_PAST,Fagus sylvatica,A,21.3,21.3,NA,NA,NA,NA,NA,NA,NA,NA ,NA 
SF_9_PAST,Fagus sylvatica,A,22.6,22.6,NA,NA,NA,NA,NA,NA,NA,NA ,NA 
SF_9_PAST,Fagus sylvatica,A,20.4,20.4,NA,NA,NA,NA,NA,NA,NA,NA ,NA 
SF_9_PAST,Fagus sylvatica,A,8.8,8.8,NA,NA,NA,NA,NA,NA,NA,NA ,NA 
SF_9_PAST,Fagus sylvatica,A,39.9,39.9,NA,NA,NA,NA,NA,NA,NA,NA ,NA 
SF_9_PAST,Fagus sylvatica,A,55.2,55.2,NA,NA,NA,NA,NA,NA,NA,NA ,NA 
SF_9_PAST,Fagus sylvatica,A,34.9,34.9,NA,NA,NA,NA,NA,NA,NA,NA ,NA 
SF_9_PAST,Fagus sylvatica,A,27.3,27.3,NA,NA,NA,NA,NA,NA,NA,NA ,NA 
SF_9_PAST,Fagus sylvatica,A,24.3,24.3,NA,NA,NA,NA,NA,NA,NA,NA ,NA 
SF_9_PAST,Fagus sylvatica,A,9.9,9.9,NA,NA,NA,NA,NA,NA,NA,NA ,NA 
SF_9_PAST,Fagus sylvatica,A,8.5,8.5,NA,NA,NA,NA,NA,NA,NA,NA ,NA 
SF_9_PAST,Fagus sylvatica,A,14.3,14.3,NA,NA,NA,NA,NA,NA,NA,NA ,NA 
SF_9_PAST,Fagus sylvatica,A,34.3,34.3,NA,NA,NA,NA,NA,NA,NA,NA ,NA 
SF_9_PAST,Fagus sylvatica,A,107,107,NA,NA,NA,NA,NA,NA,NA,NA ,NA 
SF_9_PAST,Fagus sylvatica,A,33.9,33.9,NA,NA,NA,NA,NA,NA,NA,NA ,NA 
SF_9_PAST,Fagus sylvatica,D,7.9,7.9,NA,NA,NA,NA,NA,NA,NA,NA ,NA 
SF_9_PAST,Fagus sylvatica,A,30.6,30.6,NA,NA,NA,NA,NA,NA,NA,NA ,NA 
SF_9_PAST,Fagus sylvatica,A,14.7,14.7,NA,NA,NA,NA,NA,NA,NA,NA ,NA 
SF_9_PAST,Fagus sylvatica,A,20.6,20.6,NA,NA,NA,NA,NA,NA,NA,NA ,NA 
SF_9_PAST,Fagus sylvatica,A,30.2,30.2,NA,NA,NA,NA,NA,NA,NA,NA ,NA 
SF_9_PAST,Fagus sylvatica,A,11,11,NA,NA,NA,NA,NA,NA,NA,NA ,NA 
SF_9_PAST,Fagus sylvatica,D,8.4,8.4,NA,NA,NA,NA,NA,NA,NA,NA ,NA 
SF_9_PAST,Fagus sylvatica,D,12.5,12.5,NA,NA,NA,NA,NA,NA,NA,NA ,NA 
SF_9_PAST,Fagus sylvatica,A,8.9,8.9,NA,NA,NA,NA,NA,NA,NA,NA ,NA 
SF_9_PAST,Fagus sylvatica,D,7.5,7.5,NA,NA,NA,NA,NA,NA,NA,NA ,NA 
SF_9_PAST,Fagus sylvatica,A,110,110,NA,NA,NA,NA,NA,NA,NA,NA ,NA 
SF_9_PAST,Fagus sylvatica,A,43.4,43.4,NA,NA,NA,NA,NA,NA,NA,NA ,NA 
SF_9_PAST,Fagus sylvatica,A,64.3,64.3,NA,NA,NA,NA,NA,NA,NA,NA ,NA 
SF_9_PAST,Ilex aquifolium,A,10.6,10.6,NA,NA,NA,NA,NA,NA,NA,NA ,NA 
